category,seed,method,path,label,score,threshold
bottle,0,PatchScore_same_centers,bottle/test/broken_large/000.png,1,12.11745309829712,4.047061085700989
bottle,0,PatchScore_same_centers,bottle/test/broken_large/001.png,1,12.160821676254272,4.047061085700989
bottle,0,PatchScore_same_centers,bottle/test/broken_large/002.png,1,11.773979663848877,4.047061085700989
bottle,0,PatchScore_same_centers,bottle/test/broken_large/003.png,1,12.914379119873047,4.047061085700989
bottle,0,PatchScore_same_centers,bottle/test/broken_large/004.png,1,14.62960433959961,4.047061085700989
bottle,0,PatchScore_same_centers,bottle/test/broken_large/005.png,1,10.780239820480347,4.047061085700989
bottle,0,PatchScore_same_centers,bottle/test/broken_large/006.png,1,13.239519834518433,4.047061085700989
bottle,0,PatchScore_same_centers,bottle/test/broken_large/007.png,1,11.402449369430542,4.047061085700989
bottle,0,PatchScore_same_centers,bottle/test/broken_large/008.png,1,12.74974775314331,4.047061085700989
bottle,0,PatchScore_same_centers,bottle/test/broken_large/009.png,1,11.796732425689697,4.047061085700989
bottle,0,PatchScore_same_centers,bottle/test/broken_large/010.png,1,12.797580480575562,4.047061085700989
bottle,0,PatchScore_same_centers,bottle/test/broken_large/011.png,1,9.276155233383179,4.047061085700989
bottle,0,PatchScore_same_centers,bottle/test/broken_large/012.png,1,13.354174137115479,4.047061085700989
bottle,0,PatchScore_same_centers,bottle/test/broken_large/013.png,1,10.764190196990967,4.047061085700989
bottle,0,PatchScore_same_centers,bottle/test/broken_large/014.png,1,11.95094347000122,4.047061085700989
bottle,0,PatchScore_same_centers,bottle/test/broken_large/015.png,1,12.002893686294556,4.047061085700989
bottle,0,PatchScore_same_centers,bottle/test/broken_large/016.png,1,11.298794746398926,4.047061085700989
bottle,0,PatchScore_same_centers,bottle/test/broken_large/017.png,1,13.15258264541626,4.047061085700989
bottle,0,PatchScore_same_centers,bottle/test/broken_large/018.png,1,12.105118751525879,4.047061085700989
bottle,0,PatchScore_same_centers,bottle/test/broken_large/019.png,1,11.067406177520752,4.047061085700989
bottle,0,PatchScore_same_centers,bottle/test/broken_small/000.png,1,6.966388702392578,4.047061085700989
bottle,0,PatchScore_same_centers,bottle/test/broken_small/001.png,1,12.029211521148682,4.047061085700989
bottle,0,PatchScore_same_centers,bottle/test/broken_small/002.png,1,11.34237813949585,4.047061085700989
bottle,0,PatchScore_same_centers,bottle/test/broken_small/003.png,1,12.001714944839478,4.047061085700989
bottle,0,PatchScore_same_centers,bottle/test/broken_small/004.png,1,13.956598281860352,4.047061085700989
bottle,0,PatchScore_same_centers,bottle/test/broken_small/005.png,1,8.271848678588867,4.047061085700989
bottle,0,PatchScore_same_centers,bottle/test/broken_small/006.png,1,12.413784742355347,4.047061085700989
bottle,0,PatchScore_same_centers,bottle/test/broken_small/007.png,1,9.032210350036621,4.047061085700989
bottle,0,PatchScore_same_centers,bottle/test/broken_small/008.png,1,8.569154977798462,4.047061085700989
bottle,0,PatchScore_same_centers,bottle/test/broken_small/009.png,1,10.746673107147217,4.047061085700989
bottle,0,PatchScore_same_centers,bottle/test/broken_small/010.png,1,12.81567096710205,4.047061085700989
bottle,0,PatchScore_same_centers,bottle/test/broken_small/011.png,1,9.633755207061768,4.047061085700989
bottle,0,PatchScore_same_centers,bottle/test/broken_small/012.png,1,12.211825847625732,4.047061085700989
bottle,0,PatchScore_same_centers,bottle/test/broken_small/013.png,1,9.269699096679688,4.047061085700989
bottle,0,PatchScore_same_centers,bottle/test/broken_small/014.png,1,9.183431148529053,4.047061085700989
bottle,0,PatchScore_same_centers,bottle/test/broken_small/015.png,1,8.995434761047363,4.047061085700989
bottle,0,PatchScore_same_centers,bottle/test/broken_small/016.png,1,10.592145442962646,4.047061085700989
bottle,0,PatchScore_same_centers,bottle/test/broken_small/017.png,1,14.305497646331787,4.047061085700989
bottle,0,PatchScore_same_centers,bottle/test/broken_small/018.png,1,14.542432069778442,4.047061085700989
bottle,0,PatchScore_same_centers,bottle/test/broken_small/019.png,1,12.015368461608887,4.047061085700989
bottle,0,PatchScore_same_centers,bottle/test/broken_small/020.png,1,13.323959112167358,4.047061085700989
bottle,0,PatchScore_same_centers,bottle/test/broken_small/021.png,1,10.332612037658691,4.047061085700989
bottle,0,PatchScore_same_centers,bottle/test/contamination/000.png,1,9.878164768218994,4.047061085700989
bottle,0,PatchScore_same_centers,bottle/test/contamination/001.png,1,6.9031758308410645,4.047061085700989
bottle,0,PatchScore_same_centers,bottle/test/contamination/002.png,1,7.020397186279297,4.047061085700989
bottle,0,PatchScore_same_centers,bottle/test/contamination/003.png,1,4.5068888664245605,4.047061085700989
bottle,0,PatchScore_same_centers,bottle/test/contamination/004.png,1,5.685927391052246,4.047061085700989
bottle,0,PatchScore_same_centers,bottle/test/contamination/005.png,1,12.12036919593811,4.047061085700989
bottle,0,PatchScore_same_centers,bottle/test/contamination/006.png,1,9.07421350479126,4.047061085700989
bottle,0,PatchScore_same_centers,bottle/test/contamination/007.png,1,17.300193786621094,4.047061085700989
bottle,0,PatchScore_same_centers,bottle/test/contamination/008.png,1,9.277122497558594,4.047061085700989
bottle,0,PatchScore_same_centers,bottle/test/contamination/009.png,1,9.344356060028076,4.047061085700989
bottle,0,PatchScore_same_centers,bottle/test/contamination/010.png,1,9.90655255317688,4.047061085700989
bottle,0,PatchScore_same_centers,bottle/test/contamination/011.png,1,7.040616512298584,4.047061085700989
bottle,0,PatchScore_same_centers,bottle/test/contamination/012.png,1,5.74531626701355,4.047061085700989
bottle,0,PatchScore_same_centers,bottle/test/contamination/013.png,1,17.09717607498169,4.047061085700989
bottle,0,PatchScore_same_centers,bottle/test/contamination/014.png,1,6.599051237106323,4.047061085700989
bottle,0,PatchScore_same_centers,bottle/test/contamination/015.png,1,11.15620756149292,4.047061085700989
bottle,0,PatchScore_same_centers,bottle/test/contamination/016.png,1,7.286801815032959,4.047061085700989
bottle,0,PatchScore_same_centers,bottle/test/contamination/017.png,1,13.691402435302734,4.047061085700989
bottle,0,PatchScore_same_centers,bottle/test/contamination/018.png,1,13.190351009368896,4.047061085700989
bottle,0,PatchScore_same_centers,bottle/test/contamination/019.png,1,4.5426716804504395,4.047061085700989
bottle,0,PatchScore_same_centers,bottle/test/contamination/020.png,1,6.608234405517578,4.047061085700989
bottle,0,PatchScore_same_centers,bottle/test/good/000.png,0,3.9396767616271973,4.047061085700989
bottle,0,PatchScore_same_centers,bottle/test/good/001.png,0,3.7646682262420654,4.047061085700989
bottle,0,PatchScore_same_centers,bottle/test/good/002.png,0,3.803476333618164,4.047061085700989
bottle,0,PatchScore_same_centers,bottle/test/good/003.png,0,3.870359420776367,4.047061085700989
bottle,0,PatchScore_same_centers,bottle/test/good/004.png,0,3.7729873657226562,4.047061085700989
bottle,0,PatchScore_same_centers,bottle/test/good/005.png,0,3.7630531787872314,4.047061085700989
bottle,0,PatchScore_same_centers,bottle/test/good/006.png,0,3.8616654872894287,4.047061085700989
bottle,0,PatchScore_same_centers,bottle/test/good/007.png,0,3.8803186416625977,4.047061085700989
bottle,0,PatchScore_same_centers,bottle/test/good/008.png,0,3.6853320598602295,4.047061085700989
bottle,0,PatchScore_same_centers,bottle/test/good/009.png,0,3.7457778453826904,4.047061085700989
bottle,0,PatchScore_same_centers,bottle/test/good/010.png,0,3.945225238800049,4.047061085700989
bottle,0,PatchScore_same_centers,bottle/test/good/011.png,0,3.769868850708008,4.047061085700989
bottle,0,PatchScore_same_centers,bottle/test/good/012.png,0,3.791311264038086,4.047061085700989
bottle,0,PatchScore_same_centers,bottle/test/good/013.png,0,3.7875490188598633,4.047061085700989
bottle,0,PatchScore_same_centers,bottle/test/good/014.png,0,3.714865207672119,4.047061085700989
bottle,0,PatchScore_same_centers,bottle/test/good/015.png,0,3.7811431884765625,4.047061085700989
bottle,0,PatchScore_same_centers,bottle/test/good/016.png,0,3.8755743503570557,4.047061085700989
bottle,0,PatchScore_same_centers,bottle/test/good/017.png,0,3.701098918914795,4.047061085700989
bottle,0,PatchScore_same_centers,bottle/test/good/018.png,0,3.796495199203491,4.047061085700989
bottle,0,PatchScore_same_centers,bottle/test/good/019.png,0,3.93625545501709,4.047061085700989
bottle,0,PatchScore_byte_budget,bottle/test/broken_large/000.png,1,11.093975305557251,2.527834415435791
bottle,0,PatchScore_byte_budget,bottle/test/broken_large/001.png,1,11.040531635284424,2.527834415435791
bottle,0,PatchScore_byte_budget,bottle/test/broken_large/002.png,1,11.091860055923462,2.527834415435791
bottle,0,PatchScore_byte_budget,bottle/test/broken_large/003.png,1,12.32472014427185,2.527834415435791
bottle,0,PatchScore_byte_budget,bottle/test/broken_large/004.png,1,13.615569591522217,2.527834415435791
bottle,0,PatchScore_byte_budget,bottle/test/broken_large/005.png,1,10.261428356170654,2.527834415435791
bottle,0,PatchScore_byte_budget,bottle/test/broken_large/006.png,1,12.4661545753479,2.527834415435791
bottle,0,PatchScore_byte_budget,bottle/test/broken_large/007.png,1,10.515872478485107,2.527834415435791
bottle,0,PatchScore_byte_budget,bottle/test/broken_large/008.png,1,11.5971040725708,2.527834415435791
bottle,0,PatchScore_byte_budget,bottle/test/broken_large/009.png,1,10.403180599212646,2.527834415435791
bottle,0,PatchScore_byte_budget,bottle/test/broken_large/010.png,1,11.942506313323975,2.527834415435791
bottle,0,PatchScore_byte_budget,bottle/test/broken_large/011.png,1,8.226354598999023,2.527834415435791
bottle,0,PatchScore_byte_budget,bottle/test/broken_large/012.png,1,11.915499687194824,2.527834415435791
bottle,0,PatchScore_byte_budget,bottle/test/broken_large/013.png,1,10.181500673294067,2.527834415435791
bottle,0,PatchScore_byte_budget,bottle/test/broken_large/014.png,1,10.899943828582764,2.527834415435791
bottle,0,PatchScore_byte_budget,bottle/test/broken_large/015.png,1,11.152361869812012,2.527834415435791
bottle,0,PatchScore_byte_budget,bottle/test/broken_large/016.png,1,10.303465366363525,2.527834415435791
bottle,0,PatchScore_byte_budget,bottle/test/broken_large/017.png,1,12.261913299560547,2.527834415435791
bottle,0,PatchScore_byte_budget,bottle/test/broken_large/018.png,1,11.259888172149658,2.527834415435791
bottle,0,PatchScore_byte_budget,bottle/test/broken_large/019.png,1,10.259762287139893,2.527834415435791
bottle,0,PatchScore_byte_budget,bottle/test/broken_small/000.png,1,6.230498313903809,2.527834415435791
bottle,0,PatchScore_byte_budget,bottle/test/broken_small/001.png,1,11.032333850860596,2.527834415435791
bottle,0,PatchScore_byte_budget,bottle/test/broken_small/002.png,1,10.749900341033936,2.527834415435791
bottle,0,PatchScore_byte_budget,bottle/test/broken_small/003.png,1,11.289743423461914,2.527834415435791
bottle,0,PatchScore_byte_budget,bottle/test/broken_small/004.png,1,13.002680778503418,2.527834415435791
bottle,0,PatchScore_byte_budget,bottle/test/broken_small/005.png,1,7.450771331787109,2.527834415435791
bottle,0,PatchScore_byte_budget,bottle/test/broken_small/006.png,1,10.8082275390625,2.527834415435791
bottle,0,PatchScore_byte_budget,bottle/test/broken_small/007.png,1,8.50297498703003,2.527834415435791
bottle,0,PatchScore_byte_budget,bottle/test/broken_small/008.png,1,7.820923328399658,2.527834415435791
bottle,0,PatchScore_byte_budget,bottle/test/broken_small/009.png,1,9.899828433990479,2.527834415435791
bottle,0,PatchScore_byte_budget,bottle/test/broken_small/010.png,1,11.884340286254883,2.527834415435791
bottle,0,PatchScore_byte_budget,bottle/test/broken_small/011.png,1,8.601902961730957,2.527834415435791
bottle,0,PatchScore_byte_budget,bottle/test/broken_small/012.png,1,11.404721975326538,2.527834415435791
bottle,0,PatchScore_byte_budget,bottle/test/broken_small/013.png,1,8.783523559570312,2.527834415435791
bottle,0,PatchScore_byte_budget,bottle/test/broken_small/014.png,1,8.361960887908936,2.527834415435791
bottle,0,PatchScore_byte_budget,bottle/test/broken_small/015.png,1,8.208885192871094,2.527834415435791
bottle,0,PatchScore_byte_budget,bottle/test/broken_small/016.png,1,9.749480724334717,2.527834415435791
bottle,0,PatchScore_byte_budget,bottle/test/broken_small/017.png,1,13.296463966369629,2.527834415435791
bottle,0,PatchScore_byte_budget,bottle/test/broken_small/018.png,1,13.612866163253784,2.527834415435791
bottle,0,PatchScore_byte_budget,bottle/test/broken_small/019.png,1,10.849828720092773,2.527834415435791
bottle,0,PatchScore_byte_budget,bottle/test/broken_small/020.png,1,12.592248916625977,2.527834415435791
bottle,0,PatchScore_byte_budget,bottle/test/broken_small/021.png,1,9.795584678649902,2.527834415435791
bottle,0,PatchScore_byte_budget,bottle/test/contamination/000.png,1,9.621211528778076,2.527834415435791
bottle,0,PatchScore_byte_budget,bottle/test/contamination/001.png,1,6.526517868041992,2.527834415435791
bottle,0,PatchScore_byte_budget,bottle/test/contamination/002.png,1,6.9443230628967285,2.527834415435791
bottle,0,PatchScore_byte_budget,bottle/test/contamination/003.png,1,4.047851085662842,2.527834415435791
bottle,0,PatchScore_byte_budget,bottle/test/contamination/004.png,1,5.168306350708008,2.527834415435791
bottle,0,PatchScore_byte_budget,bottle/test/contamination/005.png,1,12.300427675247192,2.527834415435791
bottle,0,PatchScore_byte_budget,bottle/test/contamination/006.png,1,9.248858451843262,2.527834415435791
bottle,0,PatchScore_byte_budget,bottle/test/contamination/007.png,1,16.686111211776733,2.527834415435791
bottle,0,PatchScore_byte_budget,bottle/test/contamination/008.png,1,9.196081638336182,2.527834415435791
bottle,0,PatchScore_byte_budget,bottle/test/contamination/009.png,1,9.392122745513916,2.527834415435791
bottle,0,PatchScore_byte_budget,bottle/test/contamination/010.png,1,10.261546611785889,2.527834415435791
bottle,0,PatchScore_byte_budget,bottle/test/contamination/011.png,1,7.140298843383789,2.527834415435791
bottle,0,PatchScore_byte_budget,bottle/test/contamination/012.png,1,5.343466281890869,2.527834415435791
bottle,0,PatchScore_byte_budget,bottle/test/contamination/013.png,1,16.84710383415222,2.527834415435791
bottle,0,PatchScore_byte_budget,bottle/test/contamination/014.png,1,5.442613363265991,2.527834415435791
bottle,0,PatchScore_byte_budget,bottle/test/contamination/015.png,1,11.206226825714111,2.527834415435791
bottle,0,PatchScore_byte_budget,bottle/test/contamination/016.png,1,7.088214874267578,2.527834415435791
bottle,0,PatchScore_byte_budget,bottle/test/contamination/017.png,1,13.287424564361572,2.527834415435791
bottle,0,PatchScore_byte_budget,bottle/test/contamination/018.png,1,13.100200176239014,2.527834415435791
bottle,0,PatchScore_byte_budget,bottle/test/contamination/019.png,1,4.41770601272583,2.527834415435791
bottle,0,PatchScore_byte_budget,bottle/test/contamination/020.png,1,6.773575305938721,2.527834415435791
bottle,0,PatchScore_byte_budget,bottle/test/good/000.png,0,2.1223487854003906,2.527834415435791
bottle,0,PatchScore_byte_budget,bottle/test/good/001.png,0,2.5207700729370117,2.527834415435791
bottle,0,PatchScore_byte_budget,bottle/test/good/002.png,0,2.3135151863098145,2.527834415435791
bottle,0,PatchScore_byte_budget,bottle/test/good/003.png,0,1.9903607368469238,2.527834415435791
bottle,0,PatchScore_byte_budget,bottle/test/good/004.png,0,1.88618803024292,2.527834415435791
bottle,0,PatchScore_byte_budget,bottle/test/good/005.png,0,1.976644515991211,2.527834415435791
bottle,0,PatchScore_byte_budget,bottle/test/good/006.png,0,2.2736239433288574,2.527834415435791
bottle,0,PatchScore_byte_budget,bottle/test/good/007.png,0,2.3299827575683594,2.527834415435791
bottle,0,PatchScore_byte_budget,bottle/test/good/008.png,0,2.0649728775024414,2.527834415435791
bottle,0,PatchScore_byte_budget,bottle/test/good/009.png,0,2.253258228302002,2.527834415435791
bottle,0,PatchScore_byte_budget,bottle/test/good/010.png,0,2.163869857788086,2.527834415435791
bottle,0,PatchScore_byte_budget,bottle/test/good/011.png,0,2.0572562217712402,2.527834415435791
bottle,0,PatchScore_byte_budget,bottle/test/good/012.png,0,2.3110623359680176,2.527834415435791
bottle,0,PatchScore_byte_budget,bottle/test/good/013.png,0,1.970994472503662,2.527834415435791
bottle,0,PatchScore_byte_budget,bottle/test/good/014.png,0,2.1506056785583496,2.527834415435791
bottle,0,PatchScore_byte_budget,bottle/test/good/015.png,0,2.6101016998291016,2.527834415435791
bottle,0,PatchScore_byte_budget,bottle/test/good/016.png,0,2.191007614135742,2.527834415435791
bottle,0,PatchScore_byte_budget,bottle/test/good/017.png,0,1.987532615661621,2.527834415435791
bottle,0,PatchScore_byte_budget,bottle/test/good/018.png,0,2.6253747940063477,2.527834415435791
bottle,0,PatchScore_byte_budget,bottle/test/good/019.png,0,2.472968578338623,2.527834415435791
bottle,0,RBF_SVDD,bottle/test/broken_large/000.png,1,0.11218041540033849,0.11683880998858112
bottle,0,RBF_SVDD,bottle/test/broken_large/001.png,1,0.11054738890547279,0.11683880998858112
bottle,0,RBF_SVDD,bottle/test/broken_large/002.png,1,0.11285700869262734,0.11683880998858112
bottle,0,RBF_SVDD,bottle/test/broken_large/003.png,1,0.11747088298297527,0.11683880998858112
bottle,0,RBF_SVDD,bottle/test/broken_large/004.png,1,0.15145063593896552,0.11683880998858112
bottle,0,RBF_SVDD,bottle/test/broken_large/005.png,1,0.11167350302325509,0.11683880998858112
bottle,0,RBF_SVDD,bottle/test/broken_large/006.png,1,0.11917851059349356,0.11683880998858112
bottle,0,RBF_SVDD,bottle/test/broken_large/007.png,1,0.1164940600174537,0.11683880998858112
bottle,0,RBF_SVDD,bottle/test/broken_large/008.png,1,0.10799902163345221,0.11683880998858112
bottle,0,RBF_SVDD,bottle/test/broken_large/009.png,1,0.11985392075632088,0.11683880998858112
bottle,0,RBF_SVDD,bottle/test/broken_large/010.png,1,0.1122437921538251,0.11683880998858112
bottle,0,RBF_SVDD,bottle/test/broken_large/011.png,1,0.10948474667121062,0.11683880998858112
bottle,0,RBF_SVDD,bottle/test/broken_large/012.png,1,0.1331978260719915,0.11683880998858112
bottle,0,RBF_SVDD,bottle/test/broken_large/013.png,1,0.1155901383994749,0.11683880998858112
bottle,0,RBF_SVDD,bottle/test/broken_large/014.png,1,0.10954951978574791,0.11683880998858112
bottle,0,RBF_SVDD,bottle/test/broken_large/015.png,1,0.10476609529991857,0.11683880998858112
bottle,0,RBF_SVDD,bottle/test/broken_large/016.png,1,0.11292101367255758,0.11683880998858112
bottle,0,RBF_SVDD,bottle/test/broken_large/017.png,1,0.12381108741032582,0.11683880998858112
bottle,0,RBF_SVDD,bottle/test/broken_large/018.png,1,0.1145383792919579,0.11683880998858112
bottle,0,RBF_SVDD,bottle/test/broken_large/019.png,1,0.11281877752717012,0.11683880998858112
bottle,0,RBF_SVDD,bottle/test/broken_small/000.png,1,0.1086272759444396,0.11683880998858112
bottle,0,RBF_SVDD,bottle/test/broken_small/001.png,1,0.11167728499037641,0.11683880998858112
bottle,0,RBF_SVDD,bottle/test/broken_small/002.png,1,0.11275600702473165,0.11683880998858112
bottle,0,RBF_SVDD,bottle/test/broken_small/003.png,1,0.11385940579499321,0.11683880998858112
bottle,0,RBF_SVDD,bottle/test/broken_small/004.png,1,0.13354154419881542,0.11683880998858112
bottle,0,RBF_SVDD,bottle/test/broken_small/005.png,1,0.111603693857557,0.11683880998858112
bottle,0,RBF_SVDD,bottle/test/broken_small/006.png,1,0.1197714405979938,0.11683880998858112
bottle,0,RBF_SVDD,bottle/test/broken_small/007.png,1,0.11010665859526587,0.11683880998858112
bottle,0,RBF_SVDD,bottle/test/broken_small/008.png,1,0.10766345368851654,0.11683880998858112
bottle,0,RBF_SVDD,bottle/test/broken_small/009.png,1,0.1087970072457213,0.11683880998858112
bottle,0,RBF_SVDD,bottle/test/broken_small/010.png,1,0.12221207040215154,0.11683880998858112
bottle,0,RBF_SVDD,bottle/test/broken_small/011.png,1,0.1103270516666912,0.11683880998858112
bottle,0,RBF_SVDD,bottle/test/broken_small/012.png,1,0.12035269345438535,0.11683880998858112
bottle,0,RBF_SVDD,bottle/test/broken_small/013.png,1,0.1146118604791509,0.11683880998858112
bottle,0,RBF_SVDD,bottle/test/broken_small/014.png,1,0.11110569507447413,0.11683880998858112
bottle,0,RBF_SVDD,bottle/test/broken_small/015.png,1,0.10495002498387762,0.11683880998858112
bottle,0,RBF_SVDD,bottle/test/broken_small/016.png,1,0.11146793008385232,0.11683880998858112
bottle,0,RBF_SVDD,bottle/test/broken_small/017.png,1,0.12530067045591042,0.11683880998858112
bottle,0,RBF_SVDD,bottle/test/broken_small/018.png,1,0.15117445234831461,0.11683880998858112
bottle,0,RBF_SVDD,bottle/test/broken_small/019.png,1,0.11011504176539287,0.11683880998858112
bottle,0,RBF_SVDD,bottle/test/broken_small/020.png,1,0.11217305020220761,0.11683880998858112
bottle,0,RBF_SVDD,bottle/test/broken_small/021.png,1,0.1102228920460882,0.11683880998858112
bottle,0,RBF_SVDD,bottle/test/contamination/000.png,1,0.11467915045579602,0.11683880998858112
bottle,0,RBF_SVDD,bottle/test/contamination/001.png,1,0.11222033827148412,0.11683880998858112
bottle,0,RBF_SVDD,bottle/test/contamination/002.png,1,0.11159778572955795,0.11683880998858112
bottle,0,RBF_SVDD,bottle/test/contamination/003.png,1,0.11461696869884021,0.11683880998858112
bottle,0,RBF_SVDD,bottle/test/contamination/004.png,1,0.11300817618780408,0.11683880998858112
bottle,0,RBF_SVDD,bottle/test/contamination/005.png,1,0.13104703333634568,0.11683880998858112
bottle,0,RBF_SVDD,bottle/test/contamination/006.png,1,0.11536336067744567,0.11683880998858112
bottle,0,RBF_SVDD,bottle/test/contamination/007.png,1,0.20112863072840997,0.11683880998858112
bottle,0,RBF_SVDD,bottle/test/contamination/008.png,1,0.11400267617818868,0.11683880998858112
bottle,0,RBF_SVDD,bottle/test/contamination/009.png,1,0.11869328639571793,0.11683880998858112
bottle,0,RBF_SVDD,bottle/test/contamination/010.png,1,0.11507168613551255,0.11683880998858112
bottle,0,RBF_SVDD,bottle/test/contamination/011.png,1,0.10810605995188348,0.11683880998858112
bottle,0,RBF_SVDD,bottle/test/contamination/012.png,1,0.1163330147561308,0.11683880998858112
bottle,0,RBF_SVDD,bottle/test/contamination/013.png,1,0.20856562136275525,0.11683880998858112
bottle,0,RBF_SVDD,bottle/test/contamination/014.png,1,0.12395332371138748,0.11683880998858112
bottle,0,RBF_SVDD,bottle/test/contamination/015.png,1,0.1517616127785833,0.11683880998858112
bottle,0,RBF_SVDD,bottle/test/contamination/016.png,1,0.11672641062884978,0.11683880998858112
bottle,0,RBF_SVDD,bottle/test/contamination/017.png,1,0.12520222553535965,0.11683880998858112
bottle,0,RBF_SVDD,bottle/test/contamination/018.png,1,0.13608822071169258,0.11683880998858112
bottle,0,RBF_SVDD,bottle/test/contamination/019.png,1,0.11165764545875993,0.11683880998858112
bottle,0,RBF_SVDD,bottle/test/contamination/020.png,1,0.11008450900508725,0.11683880998858112
bottle,0,RBF_SVDD,bottle/test/good/000.png,0,0.11410353216213873,0.11683880998858112
bottle,0,RBF_SVDD,bottle/test/good/001.png,0,0.11155922669924935,0.11683880998858112
bottle,0,RBF_SVDD,bottle/test/good/002.png,0,0.11136869946456454,0.11683880998858112
bottle,0,RBF_SVDD,bottle/test/good/003.png,0,0.11299140794178636,0.11683880998858112
bottle,0,RBF_SVDD,bottle/test/good/004.png,0,0.11128791324391399,0.11683880998858112
bottle,0,RBF_SVDD,bottle/test/good/005.png,0,0.1087550946936843,0.11683880998858112
bottle,0,RBF_SVDD,bottle/test/good/006.png,0,0.10976087868903586,0.11683880998858112
bottle,0,RBF_SVDD,bottle/test/good/007.png,0,0.10904758313823976,0.11683880998858112
bottle,0,RBF_SVDD,bottle/test/good/008.png,0,0.11149620026095747,0.11683880998858112
bottle,0,RBF_SVDD,bottle/test/good/009.png,0,0.10688611816946399,0.11683880998858112
bottle,0,RBF_SVDD,bottle/test/good/010.png,0,0.1114871965600543,0.11683880998858112
bottle,0,RBF_SVDD,bottle/test/good/011.png,0,0.11128450014375363,0.11683880998858112
bottle,0,RBF_SVDD,bottle/test/good/012.png,0,0.11040018146742611,0.11683880998858112
bottle,0,RBF_SVDD,bottle/test/good/013.png,0,0.11281785931492393,0.11683880998858112
bottle,0,RBF_SVDD,bottle/test/good/014.png,0,0.11006043113603992,0.11683880998858112
bottle,0,RBF_SVDD,bottle/test/good/015.png,0,0.108145437565936,0.11683880998858112
bottle,0,RBF_SVDD,bottle/test/good/016.png,0,0.11030513604808787,0.11683880998858112
bottle,0,RBF_SVDD,bottle/test/good/017.png,0,0.11267895041015423,0.11683880998858112
bottle,0,RBF_SVDD,bottle/test/good/018.png,0,0.11240243325032157,0.11683880998858112
bottle,0,RBF_SVDD,bottle/test/good/019.png,0,0.1111162876175138,0.11683880998858112
bottle,0,DeepSVDD_head,bottle/test/broken_large/000.png,1,0.20618325099349022,0.010375690704677254
bottle,0,DeepSVDD_head,bottle/test/broken_large/001.png,1,0.2148716114461422,0.010375690704677254
bottle,0,DeepSVDD_head,bottle/test/broken_large/002.png,1,0.1455263113602996,0.010375690704677254
bottle,0,DeepSVDD_head,bottle/test/broken_large/003.png,1,0.3188365437090397,0.010375690704677254
bottle,0,DeepSVDD_head,bottle/test/broken_large/004.png,1,0.03082580235786736,0.010375690704677254
bottle,0,DeepSVDD_head,bottle/test/broken_large/005.png,1,0.1981783350929618,0.010375690704677254
bottle,0,DeepSVDD_head,bottle/test/broken_large/006.png,1,0.22555002756416798,0.010375690704677254
bottle,0,DeepSVDD_head,bottle/test/broken_large/007.png,1,0.1912122219800949,0.010375690704677254
bottle,0,DeepSVDD_head,bottle/test/broken_large/008.png,1,0.1262560640461743,0.010375690704677254
bottle,0,DeepSVDD_head,bottle/test/broken_large/009.png,1,0.025785804027691483,0.010375690704677254
bottle,0,DeepSVDD_head,bottle/test/broken_large/010.png,1,0.0963781289756298,0.010375690704677254
bottle,0,DeepSVDD_head,bottle/test/broken_large/011.png,1,0.08325364906340837,0.010375690704677254
bottle,0,DeepSVDD_head,bottle/test/broken_large/012.png,1,0.014525240170769393,0.010375690704677254
bottle,0,DeepSVDD_head,bottle/test/broken_large/013.png,1,0.10508604254573584,0.010375690704677254
bottle,0,DeepSVDD_head,bottle/test/broken_large/014.png,1,0.01677974418271333,0.010375690704677254
bottle,0,DeepSVDD_head,bottle/test/broken_large/015.png,1,0.16502774506807327,0.010375690704677254
bottle,0,DeepSVDD_head,bottle/test/broken_large/016.png,1,0.07186070084571838,0.010375690704677254
bottle,0,DeepSVDD_head,bottle/test/broken_large/017.png,1,0.061553283128887415,0.010375690704677254
bottle,0,DeepSVDD_head,bottle/test/broken_large/018.png,1,0.13099261466413736,0.010375690704677254
bottle,0,DeepSVDD_head,bottle/test/broken_large/019.png,1,0.033844549441710114,0.010375690704677254
bottle,0,DeepSVDD_head,bottle/test/broken_small/000.png,1,0.0066600830177776515,0.010375690704677254
bottle,0,DeepSVDD_head,bottle/test/broken_small/001.png,1,0.027524695731699467,0.010375690704677254
bottle,0,DeepSVDD_head,bottle/test/broken_small/002.png,1,0.0159609749680385,0.010375690704677254
bottle,0,DeepSVDD_head,bottle/test/broken_small/003.png,1,0.04325631633400917,0.010375690704677254
bottle,0,DeepSVDD_head,bottle/test/broken_small/004.png,1,0.12500238418579102,0.010375690704677254
bottle,0,DeepSVDD_head,bottle/test/broken_small/005.png,1,0.04383219312876463,0.010375690704677254
bottle,0,DeepSVDD_head,bottle/test/broken_small/006.png,1,0.02602589619345963,0.010375690704677254
bottle,0,DeepSVDD_head,bottle/test/broken_small/007.png,1,0.01264309452380985,0.010375690704677254
bottle,0,DeepSVDD_head,bottle/test/broken_small/008.png,1,0.011935203685425222,0.010375690704677254
bottle,0,DeepSVDD_head,bottle/test/broken_small/009.png,1,0.02011665841564536,0.010375690704677254
bottle,0,DeepSVDD_head,bottle/test/broken_small/010.png,1,0.0321783188264817,0.010375690704677254
bottle,0,DeepSVDD_head,bottle/test/broken_small/011.png,1,0.04467753507196903,0.010375690704677254
bottle,0,DeepSVDD_head,bottle/test/broken_small/012.png,1,0.023646058049052954,0.010375690704677254
bottle,0,DeepSVDD_head,bottle/test/broken_small/013.png,1,0.015956853865645826,0.010375690704677254
bottle,0,DeepSVDD_head,bottle/test/broken_small/014.png,1,0.012477588839828968,0.010375690704677254
bottle,0,DeepSVDD_head,bottle/test/broken_small/015.png,1,0.013700936688110232,0.010375690704677254
bottle,0,DeepSVDD_head,bottle/test/broken_small/016.png,1,0.01281730318441987,0.010375690704677254
bottle,0,DeepSVDD_head,bottle/test/broken_small/017.png,1,0.1206950107589364,0.010375690704677254
bottle,0,DeepSVDD_head,bottle/test/broken_small/018.png,1,0.04942529322579503,0.010375690704677254
bottle,0,DeepSVDD_head,bottle/test/broken_small/019.png,1,0.01970234839245677,0.010375690704677254
bottle,0,DeepSVDD_head,bottle/test/broken_small/020.png,1,0.03678848152048886,0.010375690704677254
bottle,0,DeepSVDD_head,bottle/test/broken_small/021.png,1,0.02667193510569632,0.010375690704677254
bottle,0,DeepSVDD_head,bottle/test/contamination/000.png,1,0.12221234664320946,0.010375690704677254
bottle,0,DeepSVDD_head,bottle/test/contamination/001.png,1,0.010574381449259818,0.010375690704677254
bottle,0,DeepSVDD_head,bottle/test/contamination/002.png,1,0.03219981398433447,0.010375690704677254
bottle,0,DeepSVDD_head,bottle/test/contamination/003.png,1,0.017250293865799904,0.010375690704677254
bottle,0,DeepSVDD_head,bottle/test/contamination/004.png,1,0.014081089291721582,0.010375690704677254
bottle,0,DeepSVDD_head,bottle/test/contamination/005.png,1,0.3058428093791008,0.010375690704677254
bottle,0,DeepSVDD_head,bottle/test/contamination/006.png,1,0.026280462043359876,0.010375690704677254
bottle,0,DeepSVDD_head,bottle/test/contamination/007.png,1,0.7015034928917885,0.010375690704677254
bottle,0,DeepSVDD_head,bottle/test/contamination/008.png,1,0.03826142940670252,0.010375690704677254
bottle,0,DeepSVDD_head,bottle/test/contamination/009.png,1,0.013064778642728925,0.010375690704677254
bottle,0,DeepSVDD_head,bottle/test/contamination/010.png,1,0.016681652166880667,0.010375690704677254
bottle,0,DeepSVDD_head,bottle/test/contamination/011.png,1,0.028019530000165105,0.010375690704677254
bottle,0,DeepSVDD_head,bottle/test/contamination/012.png,1,0.025792284635826945,0.010375690704677254
bottle,0,DeepSVDD_head,bottle/test/contamination/013.png,1,2.213059574365616,0.010375690704677254
bottle,0,DeepSVDD_head,bottle/test/contamination/014.png,1,0.1907717864960432,0.010375690704677254
bottle,0,DeepSVDD_head,bottle/test/contamination/015.png,1,0.07622533943504095,0.010375690704677254
bottle,0,DeepSVDD_head,bottle/test/contamination/016.png,1,0.019427345832809806,0.010375690704677254
bottle,0,DeepSVDD_head,bottle/test/contamination/017.png,1,0.3451983220875263,0.010375690704677254
bottle,0,DeepSVDD_head,bottle/test/contamination/018.png,1,0.3382949233055115,0.010375690704677254
bottle,0,DeepSVDD_head,bottle/test/contamination/019.png,1,0.0067609798279590905,0.010375690704677254
bottle,0,DeepSVDD_head,bottle/test/contamination/020.png,1,0.01685342425480485,0.010375690704677254
bottle,0,DeepSVDD_head,bottle/test/good/000.png,0,0.01167286979034543,0.010375690704677254
bottle,0,DeepSVDD_head,bottle/test/good/001.png,0,0.005267968983389437,0.010375690704677254
bottle,0,DeepSVDD_head,bottle/test/good/002.png,0,0.004690597823355347,0.010375690704677254
bottle,0,DeepSVDD_head,bottle/test/good/003.png,0,0.004845312767429277,0.010375690704677254
bottle,0,DeepSVDD_head,bottle/test/good/004.png,0,0.003789200884057209,0.010375690704677254
bottle,0,DeepSVDD_head,bottle/test/good/005.png,0,0.005767104681581259,0.010375690704677254
bottle,0,DeepSVDD_head,bottle/test/good/006.png,0,0.005500761850271374,0.010375690704677254
bottle,0,DeepSVDD_head,bottle/test/good/007.png,0,0.004535093030426651,0.010375690704677254
bottle,0,DeepSVDD_head,bottle/test/good/008.png,0,0.006254899315536022,0.010375690704677254
bottle,0,DeepSVDD_head,bottle/test/good/009.png,0,0.011094001587480307,0.010375690704677254
bottle,0,DeepSVDD_head,bottle/test/good/010.png,0,0.009146511496510357,0.010375690704677254
bottle,0,DeepSVDD_head,bottle/test/good/011.png,0,0.007785278372466564,0.010375690704677254
bottle,0,DeepSVDD_head,bottle/test/good/012.png,0,0.0052739968814421445,0.010375690704677254
bottle,0,DeepSVDD_head,bottle/test/good/013.png,0,0.006913282908499241,0.010375690704677254
bottle,0,DeepSVDD_head,bottle/test/good/014.png,0,0.0044628645409829915,0.010375690704677254
bottle,0,DeepSVDD_head,bottle/test/good/015.png,0,0.004558084532618523,0.010375690704677254
bottle,0,DeepSVDD_head,bottle/test/good/016.png,0,0.007495290250517428,0.010375690704677254
bottle,0,DeepSVDD_head,bottle/test/good/017.png,0,0.0046725141000933945,0.010375690704677254
bottle,0,DeepSVDD_head,bottle/test/good/018.png,0,0.011659406824037433,0.010375690704677254
bottle,0,DeepSVDD_head,bottle/test/good/019.png,0,0.007952972897328436,0.010375690704677254
bottle,0,DROCC_head,bottle/test/broken_large/000.png,1,0.0003035458503291011,0.0003035458503291011
bottle,0,DROCC_head,bottle/test/broken_large/001.png,1,0.0003035458503291011,0.0003035458503291011
bottle,0,DROCC_head,bottle/test/broken_large/002.png,1,0.0003035458503291011,0.0003035458503291011
bottle,0,DROCC_head,bottle/test/broken_large/003.png,1,0.0003035458503291011,0.0003035458503291011
bottle,0,DROCC_head,bottle/test/broken_large/004.png,1,0.0003035458503291011,0.0003035458503291011
bottle,0,DROCC_head,bottle/test/broken_large/005.png,1,0.0003035458503291011,0.0003035458503291011
bottle,0,DROCC_head,bottle/test/broken_large/006.png,1,0.0003035458503291011,0.0003035458503291011
bottle,0,DROCC_head,bottle/test/broken_large/007.png,1,0.0003035458503291011,0.0003035458503291011
bottle,0,DROCC_head,bottle/test/broken_large/008.png,1,0.0003035458503291011,0.0003035458503291011
bottle,0,DROCC_head,bottle/test/broken_large/009.png,1,0.0003035458503291011,0.0003035458503291011
bottle,0,DROCC_head,bottle/test/broken_large/010.png,1,0.0003035458503291011,0.0003035458503291011
bottle,0,DROCC_head,bottle/test/broken_large/011.png,1,0.0003035458503291011,0.0003035458503291011
bottle,0,DROCC_head,bottle/test/broken_large/012.png,1,0.0003035458503291011,0.0003035458503291011
bottle,0,DROCC_head,bottle/test/broken_large/013.png,1,0.0003035458503291011,0.0003035458503291011
bottle,0,DROCC_head,bottle/test/broken_large/014.png,1,0.0003035458503291011,0.0003035458503291011
bottle,0,DROCC_head,bottle/test/broken_large/015.png,1,0.0003035458503291011,0.0003035458503291011
bottle,0,DROCC_head,bottle/test/broken_large/016.png,1,0.0003035458503291011,0.0003035458503291011
bottle,0,DROCC_head,bottle/test/broken_large/017.png,1,0.0003035458503291011,0.0003035458503291011
bottle,0,DROCC_head,bottle/test/broken_large/018.png,1,0.0003035458503291011,0.0003035458503291011
bottle,0,DROCC_head,bottle/test/broken_large/019.png,1,0.0003035458503291011,0.0003035458503291011
bottle,0,DROCC_head,bottle/test/broken_small/000.png,1,0.0003035458503291011,0.0003035458503291011
bottle,0,DROCC_head,bottle/test/broken_small/001.png,1,0.0003035458503291011,0.0003035458503291011
bottle,0,DROCC_head,bottle/test/broken_small/002.png,1,0.0003035458503291011,0.0003035458503291011
bottle,0,DROCC_head,bottle/test/broken_small/003.png,1,0.0003035458503291011,0.0003035458503291011
bottle,0,DROCC_head,bottle/test/broken_small/004.png,1,0.0003035458503291011,0.0003035458503291011
bottle,0,DROCC_head,bottle/test/broken_small/005.png,1,0.0003035458503291011,0.0003035458503291011
bottle,0,DROCC_head,bottle/test/broken_small/006.png,1,0.0003035458503291011,0.0003035458503291011
bottle,0,DROCC_head,bottle/test/broken_small/007.png,1,0.0003035458503291011,0.0003035458503291011
bottle,0,DROCC_head,bottle/test/broken_small/008.png,1,0.0003035458503291011,0.0003035458503291011
bottle,0,DROCC_head,bottle/test/broken_small/009.png,1,0.0003035458503291011,0.0003035458503291011
bottle,0,DROCC_head,bottle/test/broken_small/010.png,1,0.0003035458503291011,0.0003035458503291011
bottle,0,DROCC_head,bottle/test/broken_small/011.png,1,0.0003035458503291011,0.0003035458503291011
bottle,0,DROCC_head,bottle/test/broken_small/012.png,1,0.0003035458503291011,0.0003035458503291011
bottle,0,DROCC_head,bottle/test/broken_small/013.png,1,0.0003035458503291011,0.0003035458503291011
bottle,0,DROCC_head,bottle/test/broken_small/014.png,1,0.0003035458503291011,0.0003035458503291011
bottle,0,DROCC_head,bottle/test/broken_small/015.png,1,0.0003035458503291011,0.0003035458503291011
bottle,0,DROCC_head,bottle/test/broken_small/016.png,1,0.0003035458503291011,0.0003035458503291011
bottle,0,DROCC_head,bottle/test/broken_small/017.png,1,0.0003035458503291011,0.0003035458503291011
bottle,0,DROCC_head,bottle/test/broken_small/018.png,1,0.0003035458503291011,0.0003035458503291011
bottle,0,DROCC_head,bottle/test/broken_small/019.png,1,0.0003035458503291011,0.0003035458503291011
bottle,0,DROCC_head,bottle/test/broken_small/020.png,1,0.0003035458503291011,0.0003035458503291011
bottle,0,DROCC_head,bottle/test/broken_small/021.png,1,0.0003035458503291011,0.0003035458503291011
bottle,0,DROCC_head,bottle/test/contamination/000.png,1,0.0003035458503291011,0.0003035458503291011
bottle,0,DROCC_head,bottle/test/contamination/001.png,1,0.0003035458503291011,0.0003035458503291011
bottle,0,DROCC_head,bottle/test/contamination/002.png,1,0.0003035458503291011,0.0003035458503291011
bottle,0,DROCC_head,bottle/test/contamination/003.png,1,0.0003035458503291011,0.0003035458503291011
bottle,0,DROCC_head,bottle/test/contamination/004.png,1,0.0003035458503291011,0.0003035458503291011
bottle,0,DROCC_head,bottle/test/contamination/005.png,1,0.0003035458503291011,0.0003035458503291011
bottle,0,DROCC_head,bottle/test/contamination/006.png,1,0.0003035458503291011,0.0003035458503291011
bottle,0,DROCC_head,bottle/test/contamination/007.png,1,0.0003035458503291011,0.0003035458503291011
bottle,0,DROCC_head,bottle/test/contamination/008.png,1,0.0003035458503291011,0.0003035458503291011
bottle,0,DROCC_head,bottle/test/contamination/009.png,1,0.0003035458503291011,0.0003035458503291011
bottle,0,DROCC_head,bottle/test/contamination/010.png,1,0.0003035458503291011,0.0003035458503291011
bottle,0,DROCC_head,bottle/test/contamination/011.png,1,0.0003035458503291011,0.0003035458503291011
bottle,0,DROCC_head,bottle/test/contamination/012.png,1,0.0003035458503291011,0.0003035458503291011
bottle,0,DROCC_head,bottle/test/contamination/013.png,1,0.0003035458503291011,0.0003035458503291011
bottle,0,DROCC_head,bottle/test/contamination/014.png,1,0.0003035458503291011,0.0003035458503291011
bottle,0,DROCC_head,bottle/test/contamination/015.png,1,0.0003035458503291011,0.0003035458503291011
bottle,0,DROCC_head,bottle/test/contamination/016.png,1,0.0003035458503291011,0.0003035458503291011
bottle,0,DROCC_head,bottle/test/contamination/017.png,1,0.0003035458503291011,0.0003035458503291011
bottle,0,DROCC_head,bottle/test/contamination/018.png,1,0.0003035458503291011,0.0003035458503291011
bottle,0,DROCC_head,bottle/test/contamination/019.png,1,0.0003035458503291011,0.0003035458503291011
bottle,0,DROCC_head,bottle/test/contamination/020.png,1,0.0003035458503291011,0.0003035458503291011
bottle,0,DROCC_head,bottle/test/good/000.png,0,0.0003035458503291011,0.0003035458503291011
bottle,0,DROCC_head,bottle/test/good/001.png,0,0.0003035458503291011,0.0003035458503291011
bottle,0,DROCC_head,bottle/test/good/002.png,0,0.0003035458503291011,0.0003035458503291011
bottle,0,DROCC_head,bottle/test/good/003.png,0,0.0003035458503291011,0.0003035458503291011
bottle,0,DROCC_head,bottle/test/good/004.png,0,0.0003035458503291011,0.0003035458503291011
bottle,0,DROCC_head,bottle/test/good/005.png,0,0.0003035458503291011,0.0003035458503291011
bottle,0,DROCC_head,bottle/test/good/006.png,0,0.0003035458503291011,0.0003035458503291011
bottle,0,DROCC_head,bottle/test/good/007.png,0,0.0003035458503291011,0.0003035458503291011
bottle,0,DROCC_head,bottle/test/good/008.png,0,0.0003035458503291011,0.0003035458503291011
bottle,0,DROCC_head,bottle/test/good/009.png,0,0.0003035458503291011,0.0003035458503291011
bottle,0,DROCC_head,bottle/test/good/010.png,0,0.0003035458503291011,0.0003035458503291011
bottle,0,DROCC_head,bottle/test/good/011.png,0,0.0003035458503291011,0.0003035458503291011
bottle,0,DROCC_head,bottle/test/good/012.png,0,0.0003035458503291011,0.0003035458503291011
bottle,0,DROCC_head,bottle/test/good/013.png,0,0.0003035458503291011,0.0003035458503291011
bottle,0,DROCC_head,bottle/test/good/014.png,0,0.0003035458503291011,0.0003035458503291011
bottle,0,DROCC_head,bottle/test/good/015.png,0,0.0003035458503291011,0.0003035458503291011
bottle,0,DROCC_head,bottle/test/good/016.png,0,0.0003035458503291011,0.0003035458503291011
bottle,0,DROCC_head,bottle/test/good/017.png,0,0.0003035458503291011,0.0003035458503291011
bottle,0,DROCC_head,bottle/test/good/018.png,0,0.0003035458503291011,0.0003035458503291011
bottle,0,DROCC_head,bottle/test/good/019.png,0,0.0003035458503291011,0.0003035458503291011
bottle,0,Bubble_A,bottle/test/broken_large/000.png,1,5.836639689723215,6.04135181319055
bottle,0,Bubble_A,bottle/test/broken_large/001.png,1,5.628272890181904,6.04135181319055
bottle,0,Bubble_A,bottle/test/broken_large/002.png,1,5.788978674770491,6.04135181319055
bottle,0,Bubble_A,bottle/test/broken_large/003.png,1,6.101504301656385,6.04135181319055
bottle,0,Bubble_A,bottle/test/broken_large/004.png,1,5.50482735210715,6.04135181319055
bottle,0,Bubble_A,bottle/test/broken_large/005.png,1,5.565295489663164,6.04135181319055
bottle,0,Bubble_A,bottle/test/broken_large/006.png,1,5.77865172743879,6.04135181319055
bottle,0,Bubble_A,bottle/test/broken_large/007.png,1,5.656711019507967,6.04135181319055
bottle,0,Bubble_A,bottle/test/broken_large/008.png,1,5.3067252898130555,6.04135181319055
bottle,0,Bubble_A,bottle/test/broken_large/009.png,1,5.434053348272015,6.04135181319055
bottle,0,Bubble_A,bottle/test/broken_large/010.png,1,5.462249346199453,6.04135181319055
bottle,0,Bubble_A,bottle/test/broken_large/011.png,1,5.471694392793232,6.04135181319055
bottle,0,Bubble_A,bottle/test/broken_large/012.png,1,6.001058803602191,6.04135181319055
bottle,0,Bubble_A,bottle/test/broken_large/013.png,1,6.116777515123206,6.04135181319055
bottle,0,Bubble_A,bottle/test/broken_large/014.png,1,5.682475273565802,6.04135181319055
bottle,0,Bubble_A,bottle/test/broken_large/015.png,1,5.2870167813729605,6.04135181319055
bottle,0,Bubble_A,bottle/test/broken_large/016.png,1,5.524753387646556,6.04135181319055
bottle,0,Bubble_A,bottle/test/broken_large/017.png,1,5.742148479475238,6.04135181319055
bottle,0,Bubble_A,bottle/test/broken_large/018.png,1,5.641515779003016,6.04135181319055
bottle,0,Bubble_A,bottle/test/broken_large/019.png,1,5.634139416236625,6.04135181319055
bottle,0,Bubble_A,bottle/test/broken_small/000.png,1,5.401342493763389,6.04135181319055
bottle,0,Bubble_A,bottle/test/broken_small/001.png,1,5.540842584011896,6.04135181319055
bottle,0,Bubble_A,bottle/test/broken_small/002.png,1,5.4740733792483836,6.04135181319055
bottle,0,Bubble_A,bottle/test/broken_small/003.png,1,5.938189696618737,6.04135181319055
bottle,0,Bubble_A,bottle/test/broken_small/004.png,1,5.533906127466523,6.04135181319055
bottle,0,Bubble_A,bottle/test/broken_small/005.png,1,5.483797809191744,6.04135181319055
bottle,0,Bubble_A,bottle/test/broken_small/006.png,1,5.783249785636263,6.04135181319055
bottle,0,Bubble_A,bottle/test/broken_small/007.png,1,5.4417722849891685,6.04135181319055
bottle,0,Bubble_A,bottle/test/broken_small/008.png,1,5.514103747068887,6.04135181319055
bottle,0,Bubble_A,bottle/test/broken_small/009.png,1,5.449185983476423,6.04135181319055
bottle,0,Bubble_A,bottle/test/broken_small/010.png,1,5.721654597108348,6.04135181319055
bottle,0,Bubble_A,bottle/test/broken_small/011.png,1,5.652401192788038,6.04135181319055
bottle,0,Bubble_A,bottle/test/broken_small/012.png,1,5.914963835264839,6.04135181319055
bottle,0,Bubble_A,bottle/test/broken_small/013.png,1,5.890876186729516,6.04135181319055
bottle,0,Bubble_A,bottle/test/broken_small/014.png,1,5.567378615702092,6.04135181319055
bottle,0,Bubble_A,bottle/test/broken_small/015.png,1,5.38081846705781,6.04135181319055
bottle,0,Bubble_A,bottle/test/broken_small/016.png,1,5.60696908162084,6.04135181319055
bottle,0,Bubble_A,bottle/test/broken_small/017.png,1,5.451649345259352,6.04135181319055
bottle,0,Bubble_A,bottle/test/broken_small/018.png,1,5.486349898849665,6.04135181319055
bottle,0,Bubble_A,bottle/test/broken_small/019.png,1,5.4673484124369525,6.04135181319055
bottle,0,Bubble_A,bottle/test/broken_small/020.png,1,5.455026452646193,6.04135181319055
bottle,0,Bubble_A,bottle/test/broken_small/021.png,1,5.4355430707938215,6.04135181319055
bottle,0,Bubble_A,bottle/test/contamination/000.png,1,5.734556877385668,6.04135181319055
bottle,0,Bubble_A,bottle/test/contamination/001.png,1,5.5150595339403825,6.04135181319055
bottle,0,Bubble_A,bottle/test/contamination/002.png,1,6.032901099507241,6.04135181319055
bottle,0,Bubble_A,bottle/test/contamination/003.png,1,6.016298900279427,6.04135181319055
bottle,0,Bubble_A,bottle/test/contamination/004.png,1,5.6514258748482415,6.04135181319055
bottle,0,Bubble_A,bottle/test/contamination/005.png,1,6.012211297514883,6.04135181319055
bottle,0,Bubble_A,bottle/test/contamination/006.png,1,5.865955788255549,6.04135181319055
bottle,0,Bubble_A,bottle/test/contamination/007.png,1,6.157372850917698,6.04135181319055
bottle,0,Bubble_A,bottle/test/contamination/008.png,1,5.634412916803263,6.04135181319055
bottle,0,Bubble_A,bottle/test/contamination/009.png,1,5.73467751874133,6.04135181319055
bottle,0,Bubble_A,bottle/test/contamination/010.png,1,6.041038797875385,6.04135181319055
bottle,0,Bubble_A,bottle/test/contamination/011.png,1,5.471994952138805,6.04135181319055
bottle,0,Bubble_A,bottle/test/contamination/012.png,1,5.928802235998292,6.04135181319055
bottle,0,Bubble_A,bottle/test/contamination/013.png,1,5.5566522026069185,6.04135181319055
bottle,0,Bubble_A,bottle/test/contamination/014.png,1,6.166100652844944,6.04135181319055
bottle,0,Bubble_A,bottle/test/contamination/015.png,1,6.175689679635933,6.04135181319055
bottle,0,Bubble_A,bottle/test/contamination/016.png,1,6.072057582609038,6.04135181319055
bottle,0,Bubble_A,bottle/test/contamination/017.png,1,4.63937850579567,6.04135181319055
bottle,0,Bubble_A,bottle/test/contamination/018.png,1,5.447550189442978,6.04135181319055
bottle,0,Bubble_A,bottle/test/contamination/019.png,1,5.75014976473067,6.04135181319055
bottle,0,Bubble_A,bottle/test/contamination/020.png,1,5.513818476496614,6.04135181319055
bottle,0,Bubble_A,bottle/test/good/000.png,0,6.011739186626144,6.04135181319055
bottle,0,Bubble_A,bottle/test/good/001.png,0,5.6196735379680005,6.04135181319055
bottle,0,Bubble_A,bottle/test/good/002.png,0,5.377415650046737,6.04135181319055
bottle,0,Bubble_A,bottle/test/good/003.png,0,5.580863341531858,6.04135181319055
bottle,0,Bubble_A,bottle/test/good/004.png,0,5.4613590040922215,6.04135181319055
bottle,0,Bubble_A,bottle/test/good/005.png,0,5.507291953807144,6.04135181319055
bottle,0,Bubble_A,bottle/test/good/006.png,0,5.39006627741241,6.04135181319055
bottle,0,Bubble_A,bottle/test/good/007.png,0,5.430658352591814,6.04135181319055
bottle,0,Bubble_A,bottle/test/good/008.png,0,5.709072898608104,6.04135181319055
bottle,0,Bubble_A,bottle/test/good/009.png,0,5.3435940447263786,6.04135181319055
bottle,0,Bubble_A,bottle/test/good/010.png,0,5.805906446234244,6.04135181319055
bottle,0,Bubble_A,bottle/test/good/011.png,0,5.529058738042158,6.04135181319055
bottle,0,Bubble_A,bottle/test/good/012.png,0,5.617801591965095,6.04135181319055
bottle,0,Bubble_A,bottle/test/good/013.png,0,6.039101501812027,6.04135181319055
bottle,0,Bubble_A,bottle/test/good/014.png,0,5.54620399788182,6.04135181319055
bottle,0,Bubble_A,bottle/test/good/015.png,0,5.423407176496008,6.04135181319055
bottle,0,Bubble_A,bottle/test/good/016.png,0,5.763973594947557,6.04135181319055
bottle,0,Bubble_A,bottle/test/good/017.png,0,5.567125550074797,6.04135181319055
bottle,0,Bubble_A,bottle/test/good/018.png,0,5.583419491185194,6.04135181319055
bottle,0,Bubble_A,bottle/test/good/019.png,0,5.764160658443016,6.04135181319055
bottle,0,Bubble_B,bottle/test/broken_large/000.png,1,5.837214403379295,6.042007982676318
bottle,0,Bubble_B,bottle/test/broken_large/001.png,1,5.627883502681891,6.042007982676318
bottle,0,Bubble_B,bottle/test/broken_large/002.png,1,5.785975873156237,6.042007982676318
bottle,0,Bubble_B,bottle/test/broken_large/003.png,1,6.101504301656385,6.042007982676318
bottle,0,Bubble_B,bottle/test/broken_large/004.png,1,5.505507143909343,6.042007982676318
bottle,0,Bubble_B,bottle/test/broken_large/005.png,1,5.565295489663164,6.042007982676318
bottle,0,Bubble_B,bottle/test/broken_large/006.png,1,5.779455588730076,6.042007982676318
bottle,0,Bubble_B,bottle/test/broken_large/007.png,1,5.654357890481929,6.042007982676318
bottle,0,Bubble_B,bottle/test/broken_large/008.png,1,5.30891832851942,6.042007982676318
bottle,0,Bubble_B,bottle/test/broken_large/009.png,1,5.438250385213716,6.042007982676318
bottle,0,Bubble_B,bottle/test/broken_large/010.png,1,5.464249388867758,6.042007982676318
bottle,0,Bubble_B,bottle/test/broken_large/011.png,1,5.473652657386282,6.042007982676318
bottle,0,Bubble_B,bottle/test/broken_large/012.png,1,6.00062097478329,6.042007982676318
bottle,0,Bubble_B,bottle/test/broken_large/013.png,1,6.126038484960662,6.042007982676318
bottle,0,Bubble_B,bottle/test/broken_large/014.png,1,5.683221544439116,6.042007982676318
bottle,0,Bubble_B,bottle/test/broken_large/015.png,1,5.2908219095606155,6.042007982676318
bottle,0,Bubble_B,bottle/test/broken_large/016.png,1,5.523383150936015,6.042007982676318
bottle,0,Bubble_B,bottle/test/broken_large/017.png,1,5.742353896555395,6.042007982676318
bottle,0,Bubble_B,bottle/test/broken_large/018.png,1,5.640213683895734,6.042007982676318
bottle,0,Bubble_B,bottle/test/broken_large/019.png,1,5.6329711834343446,6.042007982676318
bottle,0,Bubble_B,bottle/test/broken_small/000.png,1,5.40255609552926,6.042007982676318
bottle,0,Bubble_B,bottle/test/broken_small/001.png,1,5.539668866468166,6.042007982676318
bottle,0,Bubble_B,bottle/test/broken_small/002.png,1,5.4740733792483836,6.042007982676318
bottle,0,Bubble_B,bottle/test/broken_small/003.png,1,5.938822609363305,6.042007982676318
bottle,0,Bubble_B,bottle/test/broken_small/004.png,1,5.532704195129092,6.042007982676318
bottle,0,Bubble_B,bottle/test/broken_small/005.png,1,5.485776742343829,6.042007982676318
bottle,0,Bubble_B,bottle/test/broken_small/006.png,1,5.766558361558198,6.042007982676318
bottle,0,Bubble_B,bottle/test/broken_small/007.png,1,5.441129610051616,6.042007982676318
bottle,0,Bubble_B,bottle/test/broken_small/008.png,1,5.514103747068887,6.042007982676318
bottle,0,Bubble_B,bottle/test/broken_small/009.png,1,5.45044227545811,6.042007982676318
bottle,0,Bubble_B,bottle/test/broken_small/010.png,1,5.719953890601374,6.042007982676318
bottle,0,Bubble_B,bottle/test/broken_small/011.png,1,5.650511140905685,6.042007982676318
bottle,0,Bubble_B,bottle/test/broken_small/012.png,1,5.914162653186079,6.042007982676318
bottle,0,Bubble_B,bottle/test/broken_small/013.png,1,5.890782271158432,6.042007982676318
bottle,0,Bubble_B,bottle/test/broken_small/014.png,1,5.566115067036997,6.042007982676318
bottle,0,Bubble_B,bottle/test/broken_small/015.png,1,5.388481873180591,6.042007982676318
bottle,0,Bubble_B,bottle/test/broken_small/016.png,1,5.607715352494153,6.042007982676318
bottle,0,Bubble_B,bottle/test/broken_small/017.png,1,5.454632780435182,6.042007982676318
bottle,0,Bubble_B,bottle/test/broken_small/018.png,1,5.487658811333076,6.042007982676318
bottle,0,Bubble_B,bottle/test/broken_small/019.png,1,5.467997764546591,6.042007982676318
bottle,0,Bubble_B,bottle/test/broken_small/020.png,1,5.453852735102464,6.042007982676318
bottle,0,Bubble_B,bottle/test/broken_small/021.png,1,5.4355430707938215,6.042007982676318
bottle,0,Bubble_B,bottle/test/contamination/000.png,1,5.734045629229227,6.042007982676318
bottle,0,Bubble_B,bottle/test/contamination/001.png,1,5.5151931523389965,6.042007982676318
bottle,0,Bubble_B,bottle/test/contamination/002.png,1,6.034230899282874,6.042007982676318
bottle,0,Bubble_B,bottle/test/contamination/003.png,1,6.018561177993553,6.042007982676318
bottle,0,Bubble_B,bottle/test/contamination/004.png,1,5.652887879818641,6.042007982676318
bottle,0,Bubble_B,bottle/test/contamination/005.png,1,6.01288880594855,6.042007982676318
bottle,0,Bubble_B,bottle/test/contamination/006.png,1,5.865322875510981,6.042007982676318
bottle,0,Bubble_B,bottle/test/contamination/007.png,1,6.157372850917698,6.042007982676318
bottle,0,Bubble_B,bottle/test/contamination/008.png,1,5.632936646736774,6.042007982676318
bottle,0,Bubble_B,bottle/test/contamination/009.png,1,5.734105435362904,6.042007982676318
bottle,0,Bubble_B,bottle/test/contamination/010.png,1,6.041038797875385,6.042007982676318
bottle,0,Bubble_B,bottle/test/contamination/011.png,1,5.473251244120492,6.042007982676318
bottle,0,Bubble_B,bottle/test/contamination/012.png,1,5.928931702607484,6.042007982676318
bottle,0,Bubble_B,bottle/test/contamination/013.png,1,5.557337135827496,6.042007982676318
bottle,0,Bubble_B,bottle/test/contamination/014.png,1,6.166925738348863,6.042007982676318
bottle,0,Bubble_B,bottle/test/contamination/015.png,1,6.176504014763581,6.042007982676318
bottle,0,Bubble_B,bottle/test/contamination/016.png,1,6.072861443900325,6.042007982676318
bottle,0,Bubble_B,bottle/test/contamination/017.png,1,4.63937850579567,6.042007982676318
bottle,0,Bubble_B,bottle/test/contamination/018.png,1,5.446961953063302,6.042007982676318
bottle,0,Bubble_B,bottle/test/contamination/019.png,1,5.748953583353651,6.042007982676318
bottle,0,Bubble_B,bottle/test/contamination/020.png,1,5.5151273889800265,6.042007982676318
bottle,0,Bubble_B,bottle/test/good/000.png,0,6.013227299439435,6.042007982676318
bottle,0,Bubble_B,bottle/test/good/001.png,0,5.619817103326523,6.042007982676318
bottle,0,Bubble_B,bottle/test/good/002.png,0,5.3762419325030075,6.042007982676318
bottle,0,Bubble_B,bottle/test/good/003.png,0,5.580863341531858,6.042007982676318
bottle,0,Bubble_B,bottle/test/good/004.png,0,5.462572605858091,6.042007982676318
bottle,0,Bubble_B,bottle/test/good/005.png,0,5.506041943390322,6.042007982676318
bottle,0,Bubble_B,bottle/test/good/006.png,0,5.389480796248357,6.042007982676318
bottle,0,Bubble_B,bottle/test/good/007.png,0,5.430658352591814,6.042007982676318
bottle,0,Bubble_B,bottle/test/good/008.png,0,5.708656370398629,6.042007982676318
bottle,0,Bubble_B,bottle/test/good/009.png,0,5.345931865834574,6.042007982676318
bottle,0,Bubble_B,bottle/test/good/010.png,0,5.804177197414706,6.042007982676318
bottle,0,Bubble_B,bottle/test/good/011.png,0,5.529058738042158,6.042007982676318
bottle,0,Bubble_B,bottle/test/good/012.png,0,5.617229508586667,6.042007982676318
bottle,0,Bubble_B,bottle/test/good/013.png,0,6.039910566125229,6.042007982676318
bottle,0,Bubble_B,bottle/test/good/014.png,0,5.54620399788182,6.042007982676318
bottle,0,Bubble_B,bottle/test/good/015.png,0,5.424669813494322,6.042007982676318
bottle,0,Bubble_B,bottle/test/good/016.png,0,5.763447278380514,6.042007982676318
bottle,0,Bubble_B,bottle/test/good/017.png,0,5.566585592431733,6.042007982676318
bottle,0,Bubble_B,bottle/test/good/018.png,0,5.583547660932591,6.042007982676318
bottle,0,Bubble_B,bottle/test/good/019.png,0,5.763537215754136,6.042007982676318
bottle,0,Bubble_A+D,bottle/test/broken_large/000.png,1,9.317300611360817,10.017657447901726
bottle,0,Bubble_A+D,bottle/test/broken_large/001.png,1,8.361191318826501,10.017657447901726
bottle,0,Bubble_A+D,bottle/test/broken_large/002.png,1,8.745458708050911,10.017657447901726
bottle,0,Bubble_A+D,bottle/test/broken_large/003.png,1,9.543205045947529,10.017657447901726
bottle,0,Bubble_A+D,bottle/test/broken_large/004.png,1,8.562470000753994,10.017657447901726
bottle,0,Bubble_A+D,bottle/test/broken_large/005.png,1,8.431425196728632,10.017657447901726
bottle,0,Bubble_A+D,bottle/test/broken_large/006.png,1,8.923487299444952,10.017657447901726
bottle,0,Bubble_A+D,bottle/test/broken_large/007.png,1,9.230602969478623,10.017657447901726
bottle,0,Bubble_A+D,bottle/test/broken_large/008.png,1,8.902011490645599,10.017657447901726
bottle,0,Bubble_A+D,bottle/test/broken_large/009.png,1,9.693515775531065,10.017657447901726
bottle,0,Bubble_A+D,bottle/test/broken_large/010.png,1,9.812966443285223,10.017657447901726
bottle,0,Bubble_A+D,bottle/test/broken_large/011.png,1,8.634092766605066,10.017657447901726
bottle,0,Bubble_A+D,bottle/test/broken_large/012.png,1,9.809770773025775,10.017657447901726
bottle,0,Bubble_A+D,bottle/test/broken_large/013.png,1,11.309077489736877,10.017657447901726
bottle,0,Bubble_A+D,bottle/test/broken_large/014.png,1,9.484975424679302,10.017657447901726
bottle,0,Bubble_A+D,bottle/test/broken_large/015.png,1,10.540488900992928,10.017657447901726
bottle,0,Bubble_A+D,bottle/test/broken_large/016.png,1,8.319616086822672,10.017657447901726
bottle,0,Bubble_A+D,bottle/test/broken_large/017.png,1,8.829966705996771,10.017657447901726
bottle,0,Bubble_A+D,bottle/test/broken_large/018.png,1,9.01703652766758,10.017657447901726
bottle,0,Bubble_A+D,bottle/test/broken_large/019.png,1,8.656686556313389,10.017657447901726
bottle,0,Bubble_A+D,bottle/test/broken_small/000.png,1,8.49317293509217,10.017657447901726
bottle,0,Bubble_A+D,bottle/test/broken_small/001.png,1,8.782917651988077,10.017657447901726
bottle,0,Bubble_A+D,bottle/test/broken_small/002.png,1,8.657399356483008,10.017657447901726
bottle,0,Bubble_A+D,bottle/test/broken_small/003.png,1,9.895191212571087,10.017657447901726
bottle,0,Bubble_A+D,bottle/test/broken_small/004.png,1,8.599466545843505,10.017657447901726
bottle,0,Bubble_A+D,bottle/test/broken_small/005.png,1,8.809168181077931,10.017657447901726
bottle,0,Bubble_A+D,bottle/test/broken_small/006.png,1,8.885287374948238,10.017657447901726
bottle,0,Bubble_A+D,bottle/test/broken_small/007.png,1,8.795103733568403,10.017657447901726
bottle,0,Bubble_A+D,bottle/test/broken_small/008.png,1,8.705543110530034,10.017657447901726
bottle,0,Bubble_A+D,bottle/test/broken_small/009.png,1,8.234830763719849,10.017657447901726
bottle,0,Bubble_A+D,bottle/test/broken_small/010.png,1,8.537078579636606,10.017657447901726
bottle,0,Bubble_A+D,bottle/test/broken_small/011.png,1,9.278874747338094,10.017657447901726
bottle,0,Bubble_A+D,bottle/test/broken_small/012.png,1,9.661416107650702,10.017657447901726
bottle,0,Bubble_A+D,bottle/test/broken_small/013.png,1,9.978770794000189,10.017657447901726
bottle,0,Bubble_A+D,bottle/test/broken_small/014.png,1,8.392594988765875,10.017657447901726
bottle,0,Bubble_A+D,bottle/test/broken_small/015.png,1,10.842132894353377,10.017657447901726
bottle,0,Bubble_A+D,bottle/test/broken_small/016.png,1,8.712338215842966,10.017657447901726
bottle,0,Bubble_A+D,bottle/test/broken_small/017.png,1,8.316557053217622,10.017657447901726
bottle,0,Bubble_A+D,bottle/test/broken_small/018.png,1,8.732934652412641,10.017657447901726
bottle,0,Bubble_A+D,bottle/test/broken_small/019.png,1,8.42287672937907,10.017657447901726
bottle,0,Bubble_A+D,bottle/test/broken_small/020.png,1,8.823064109740368,10.017657447901726
bottle,0,Bubble_A+D,bottle/test/broken_small/021.png,1,8.70787079423293,10.017657447901726
bottle,0,Bubble_A+D,bottle/test/contamination/000.png,1,8.635753855117978,10.017657447901726
bottle,0,Bubble_A+D,bottle/test/contamination/001.png,1,9.045316698589515,10.017657447901726
bottle,0,Bubble_A+D,bottle/test/contamination/002.png,1,9.675363131147453,10.017657447901726
bottle,0,Bubble_A+D,bottle/test/contamination/003.png,1,10.116806969892393,10.017657447901726
bottle,0,Bubble_A+D,bottle/test/contamination/004.png,1,9.046157377110216,10.017657447901726
bottle,0,Bubble_A+D,bottle/test/contamination/005.png,1,9.789736474914573,10.017657447901726
bottle,0,Bubble_A+D,bottle/test/contamination/006.png,1,9.438851965263304,10.017657447901726
bottle,0,Bubble_A+D,bottle/test/contamination/007.png,1,7.796464890911585,10.017657447901726
bottle,0,Bubble_A+D,bottle/test/contamination/008.png,1,8.970337063236514,10.017657447901726
bottle,0,Bubble_A+D,bottle/test/contamination/009.png,1,8.609743228595153,10.017657447901726
bottle,0,Bubble_A+D,bottle/test/contamination/010.png,1,9.534740326494159,10.017657447901726
bottle,0,Bubble_A+D,bottle/test/contamination/011.png,1,9.135982441302373,10.017657447901726
bottle,0,Bubble_A+D,bottle/test/contamination/012.png,1,9.500042844164536,10.017657447901726
bottle,0,Bubble_A+D,bottle/test/contamination/013.png,1,8.455319350782343,10.017657447901726
bottle,0,Bubble_A+D,bottle/test/contamination/014.png,1,9.862119325890376,10.017657447901726
bottle,0,Bubble_A+D,bottle/test/contamination/015.png,1,9.445969059359815,10.017657447901726
bottle,0,Bubble_A+D,bottle/test/contamination/016.png,1,9.692084128249213,10.017657447901726
bottle,0,Bubble_A+D,bottle/test/contamination/017.png,1,8.579340969005688,10.017657447901726
bottle,0,Bubble_A+D,bottle/test/contamination/018.png,1,9.04646157531424,10.017657447901726
bottle,0,Bubble_A+D,bottle/test/contamination/019.png,1,9.010724403114372,10.017657447901726
bottle,0,Bubble_A+D,bottle/test/contamination/020.png,1,8.835020557353529,10.017657447901726
bottle,0,Bubble_A+D,bottle/test/good/000.png,0,10.166910308971874,10.017657447901726
bottle,0,Bubble_A+D,bottle/test/good/001.png,0,9.190869113684476,10.017657447901726
bottle,0,Bubble_A+D,bottle/test/good/002.png,0,8.742770833883478,10.017657447901726
bottle,0,Bubble_A+D,bottle/test/good/003.png,0,9.216390872692068,10.017657447901726
bottle,0,Bubble_A+D,bottle/test/good/004.png,0,8.79835024441617,10.017657447901726
bottle,0,Bubble_A+D,bottle/test/good/005.png,0,9.073480742861864,10.017657447901726
bottle,0,Bubble_A+D,bottle/test/good/006.png,0,7.828053520577065,10.017657447901726
bottle,0,Bubble_A+D,bottle/test/good/007.png,0,9.36881674225413,10.017657447901726
bottle,0,Bubble_A+D,bottle/test/good/008.png,0,8.702319264849223,10.017657447901726
bottle,0,Bubble_A+D,bottle/test/good/009.png,0,9.854152322966012,10.017657447901726
bottle,0,Bubble_A+D,bottle/test/good/010.png,0,10.586848300755804,10.017657447901726
bottle,0,Bubble_A+D,bottle/test/good/011.png,0,8.406730177139531,10.017657447901726
bottle,0,Bubble_A+D,bottle/test/good/012.png,0,8.111877252912182,10.017657447901726
bottle,0,Bubble_A+D,bottle/test/good/013.png,0,10.685239095589548,10.017657447901726
bottle,0,Bubble_A+D,bottle/test/good/014.png,0,8.400514978847308,10.017657447901726
bottle,0,Bubble_A+D,bottle/test/good/015.png,0,9.269125351305888,10.017657447901726
bottle,0,Bubble_A+D,bottle/test/good/016.png,0,9.341769173008833,10.017657447901726
bottle,0,Bubble_A+D,bottle/test/good/017.png,0,8.578379253681113,10.017657447901726
bottle,0,Bubble_A+D,bottle/test/good/018.png,0,8.431666995264173,10.017657447901726
bottle,0,Bubble_A+D,bottle/test/good/019.png,0,9.016511276053103,10.017657447901726
bottle,0,Bubble_B+D,bottle/test/broken_large/000.png,1,9.319206947771242,10.02506436596509
bottle,0,Bubble_B+D,bottle/test/broken_large/001.png,1,8.363814767307238,10.02506436596509
bottle,0,Bubble_B+D,bottle/test/broken_large/002.png,1,8.744669759176569,10.02506436596509
bottle,0,Bubble_B+D,bottle/test/broken_large/003.png,1,9.545523298768035,10.02506436596509
bottle,0,Bubble_B+D,bottle/test/broken_large/004.png,1,8.567160682097398,10.02506436596509
bottle,0,Bubble_B+D,bottle/test/broken_large/005.png,1,8.433798562895518,10.02506436596509
bottle,0,Bubble_B+D,bottle/test/broken_large/006.png,1,8.92916951117316,10.02506436596509
bottle,0,Bubble_B+D,bottle/test/broken_large/007.png,1,9.232618905038535,10.02506436596509
bottle,0,Bubble_B+D,bottle/test/broken_large/008.png,1,8.905305072355826,10.02506436596509
bottle,0,Bubble_B+D,bottle/test/broken_large/009.png,1,9.699118086461299,10.02506436596509
bottle,0,Bubble_B+D,bottle/test/broken_large/010.png,1,9.81629430343236,10.02506436596509
bottle,0,Bubble_B+D,bottle/test/broken_large/011.png,1,8.641393764322077,10.02506436596509
bottle,0,Bubble_B+D,bottle/test/broken_large/012.png,1,9.81190577379315,10.02506436596509
bottle,0,Bubble_B+D,bottle/test/broken_large/013.png,1,11.320572972361184,10.02506436596509
bottle,0,Bubble_B+D,bottle/test/broken_large/014.png,1,9.48797123646584,10.02506436596509
bottle,0,Bubble_B+D,bottle/test/broken_large/015.png,1,10.545533409151387,10.02506436596509
bottle,0,Bubble_B+D,bottle/test/broken_large/016.png,1,8.31992638858377,10.02506436596509
bottle,0,Bubble_B+D,bottle/test/broken_large/017.png,1,8.832478326885802,10.02506436596509
bottle,0,Bubble_B+D,bottle/test/broken_large/018.png,1,9.018704144412522,10.02506436596509
bottle,0,Bubble_B+D,bottle/test/broken_large/019.png,1,8.656434868733726,10.02506436596509
bottle,0,Bubble_B+D,bottle/test/broken_small/000.png,1,8.497931359204523,10.02506436596509
bottle,0,Bubble_B+D,bottle/test/broken_small/001.png,1,8.784179534453973,10.02506436596509
bottle,0,Bubble_B+D,bottle/test/broken_small/002.png,1,8.659707935534062,10.02506436596509
bottle,0,Bubble_B+D,bottle/test/broken_small/003.png,1,9.898456656483846,10.02506436596509
bottle,0,Bubble_B+D,bottle/test/broken_small/004.png,1,8.6007766814061,10.02506436596509
bottle,0,Bubble_B+D,bottle/test/broken_small/005.png,1,8.814692192197379,10.02506436596509
bottle,0,Bubble_B+D,bottle/test/broken_small/006.png,1,8.87055364872153,10.02506436596509
bottle,0,Bubble_B+D,bottle/test/broken_small/007.png,1,8.798208465910072,10.02506436596509
bottle,0,Bubble_B+D,bottle/test/broken_small/008.png,1,8.71052515459885,10.02506436596509
bottle,0,Bubble_B+D,bottle/test/broken_small/009.png,1,8.237643291330185,10.02506436596509
bottle,0,Bubble_B+D,bottle/test/broken_small/010.png,1,8.540733104631615,10.02506436596509
bottle,0,Bubble_B+D,bottle/test/broken_small/011.png,1,9.280942078506861,10.02506436596509
bottle,0,Bubble_B+D,bottle/test/broken_small/012.png,1,9.662259962532513,10.02506436596509
bottle,0,Bubble_B+D,bottle/test/broken_small/013.png,1,9.980844375615645,10.02506436596509
bottle,0,Bubble_B+D,bottle/test/broken_small/014.png,1,8.396001285577242,10.02506436596509
bottle,0,Bubble_B+D,bottle/test/broken_small/015.png,1,10.853551457482176,10.02506436596509
bottle,0,Bubble_B+D,bottle/test/broken_small/016.png,1,8.717732214293992,10.02506436596509
bottle,0,Bubble_B+D,bottle/test/broken_small/017.png,1,8.323027304411447,10.02506436596509
bottle,0,Bubble_B+D,bottle/test/broken_small/018.png,1,8.736040884746776,10.02506436596509
bottle,0,Bubble_B+D,bottle/test/broken_small/019.png,1,8.425078363905236,10.02506436596509
bottle,0,Bubble_B+D,bottle/test/broken_small/020.png,1,8.823434943119247,10.02506436596509
bottle,0,Bubble_B+D,bottle/test/broken_small/021.png,1,8.711167163256754,10.02506436596509
bottle,0,Bubble_B+D,bottle/test/contamination/000.png,1,8.636954644929553,10.02506436596509
bottle,0,Bubble_B+D,bottle/test/contamination/001.png,1,9.049599047891155,10.02506436596509
bottle,0,Bubble_B+D,bottle/test/contamination/002.png,1,9.677962592655426,10.02506436596509
bottle,0,Bubble_B+D,bottle/test/contamination/003.png,1,10.120301348007832,10.02506436596509
bottle,0,Bubble_B+D,bottle/test/contamination/004.png,1,9.050580223367302,10.02506436596509
bottle,0,Bubble_B+D,bottle/test/contamination/005.png,1,9.791595237219124,10.02506436596509
bottle,0,Bubble_B+D,bottle/test/contamination/006.png,1,9.440955014672268,10.02506436596509
bottle,0,Bubble_B+D,bottle/test/contamination/007.png,1,7.798870798844462,10.02506436596509
bottle,0,Bubble_B+D,bottle/test/contamination/008.png,1,8.974889340393837,10.02506436596509
bottle,0,Bubble_B+D,bottle/test/contamination/009.png,1,8.612586111314323,10.02506436596509
bottle,0,Bubble_B+D,bottle/test/contamination/010.png,1,9.537033825460481,10.02506436596509
bottle,0,Bubble_B+D,bottle/test/contamination/011.png,1,9.139697003129408,10.02506436596509
bottle,0,Bubble_B+D,bottle/test/contamination/012.png,1,9.506516554977448,10.02506436596509
bottle,0,Bubble_B+D,bottle/test/contamination/013.png,1,8.459549872970284,10.02506436596509
bottle,0,Bubble_B+D,bottle/test/contamination/014.png,1,9.86549866553816,10.02506436596509
bottle,0,Bubble_B+D,bottle/test/contamination/015.png,1,9.447870231474713,10.02506436596509
bottle,0,Bubble_B+D,bottle/test/contamination/016.png,1,9.695568085747489,10.02506436596509
bottle,0,Bubble_B+D,bottle/test/contamination/017.png,1,8.582943665740206,10.02506436596509
bottle,0,Bubble_B+D,bottle/test/contamination/018.png,1,9.04781315878669,10.02506436596509
bottle,0,Bubble_B+D,bottle/test/contamination/019.png,1,9.01161595328613,10.02506436596509
bottle,0,Bubble_B+D,bottle/test/contamination/020.png,1,8.838846961497389,10.02506436596509
bottle,0,Bubble_B+D,bottle/test/good/000.png,0,10.169469541448159,10.02506436596509
bottle,0,Bubble_B+D,bottle/test/good/001.png,0,9.196373465397883,10.02506436596509
bottle,0,Bubble_B+D,bottle/test/good/002.png,0,8.743976821054865,10.02506436596509
bottle,0,Bubble_B+D,bottle/test/good/003.png,0,9.219559529881884,10.02506436596509
bottle,0,Bubble_B+D,bottle/test/good/004.png,0,8.802598736686406,10.02506436596509
bottle,0,Bubble_B+D,bottle/test/good/005.png,0,9.076843520701924,10.02506436596509
bottle,0,Bubble_B+D,bottle/test/good/006.png,0,7.828949424799012,10.02506436596509
bottle,0,Bubble_B+D,bottle/test/good/007.png,0,9.372854018689672,10.02506436596509
bottle,0,Bubble_B+D,bottle/test/good/008.png,0,8.703703880925879,10.02506436596509
bottle,0,Bubble_B+D,bottle/test/good/009.png,0,9.859112190794686,10.02506436596509
bottle,0,Bubble_B+D,bottle/test/good/010.png,0,10.587212327650409,10.02506436596509
bottle,0,Bubble_B+D,bottle/test/good/011.png,0,8.40708486636087,10.02506436596509
bottle,0,Bubble_B+D,bottle/test/good/012.png,0,8.111175414621078,10.02506436596509
bottle,0,Bubble_B+D,bottle/test/good/013.png,0,10.69002260321443,10.02506436596509
bottle,0,Bubble_B+D,bottle/test/good/014.png,0,8.402462315771169,10.02506436596509
bottle,0,Bubble_B+D,bottle/test/good/015.png,0,9.272939345760221,10.02506436596509
bottle,0,Bubble_B+D,bottle/test/good/016.png,0,9.346905129806123,10.02506436596509
bottle,0,Bubble_B+D,bottle/test/good/017.png,0,8.579980433864844,10.02506436596509
bottle,0,Bubble_B+D,bottle/test/good/018.png,0,8.433850116990028,10.02506436596509
bottle,0,Bubble_B+D,bottle/test/good/019.png,0,9.017587777073263,10.02506436596509
