track,dataset,class_or_category,seed,variant,auroc,average_precision,pixel_auroc,test_count,memory_bytes,selected_epoch,nu,selected_gamma,paper_reference_auroc_percent
DeepSVDD,mnist,0,1,one-class,0.9656562514140912,0.995616383943211,,10000,,,0.1,,98.0
DeepSVDD,mnist,0,1,soft-boundary,0.9694504841848046,0.9961938499719792,,10000,,,0.1,,97.8
DeepSVDD,mnist,0,2,one-class,0.9784244762206432,0.997092508578844,,10000,,,0.1,,98.0
DeepSVDD,mnist,0,2,soft-boundary,0.9789218969184128,0.9971489212785808,,10000,,,0.1,,97.8
DeepSVDD,mnist,0,3,one-class,0.975252613240418,0.9965084084324284,,10000,,,0.1,,98.0
DeepSVDD,mnist,0,3,soft-boundary,0.9781897370921762,0.9969960826752432,,10000,,,0.1,,97.8
DeepSVDD,mnist,0,4,one-class,0.9680180098646998,0.995744927571721,,10000,,,0.1,,98.0
DeepSVDD,mnist,0,4,soft-boundary,0.9695640074211502,0.996205582386882,,10000,,,0.1,,97.8
DeepSVDD,mnist,0,5,one-class,0.980145142314132,0.9974768454160368,,10000,,,0.1,,98.0
DeepSVDD,mnist,0,5,soft-boundary,0.9804148377754648,0.9975157937344954,,10000,,,0.1,,97.8
DeepSVDD,mnist,0,6,one-class,0.9804597493099234,0.9973500024631928,,10000,,,0.1,,98.0
DeepSVDD,mnist,0,6,soft-boundary,0.9775067876374496,0.9970504089412578,,10000,,,0.1,,97.8
DeepSVDD,mnist,0,7,one-class,0.9733444952260284,0.996368335542484,,10000,,,0.1,,98.0
DeepSVDD,mnist,0,7,soft-boundary,0.9735655459523056,0.9964504153845212,,10000,,,0.1,,97.8
DeepSVDD,mnist,0,8,one-class,0.9764828725281688,0.9969555957038736,,10000,,,0.1,,98.0
DeepSVDD,mnist,0,8,soft-boundary,0.9748387936105708,0.9967939707333172,,10000,,,0.1,,97.8
DeepSVDD,mnist,0,9,one-class,0.9670692112765285,0.9956007228550494,,10000,,,0.1,,98.0
DeepSVDD,mnist,0,9,soft-boundary,0.9656925652744468,0.995469075968802,,10000,,,0.1,,97.8
DeepSVDD,mnist,0,10,one-class,0.9763463278881396,0.9969977331188704,,10000,,,0.1,,98.0
DeepSVDD,mnist,0,10,soft-boundary,0.9779307887234716,0.9972670742457336,,10000,,,0.1,,97.8
DeepSVDD,mnist,1,1,one-class,0.992836552198792,0.9988900356707536,,10000,,,0.1,,99.7
DeepSVDD,mnist,1,1,soft-boundary,0.9920502098287828,0.9987990122621412,,10000,,,0.1,,99.6
DeepSVDD,mnist,1,2,one-class,0.9933278174079624,0.998969823680968,,10000,,,0.1,,99.7
DeepSVDD,mnist,1,2,soft-boundary,0.991600090441299,0.998750958194854,,10000,,,0.1,,99.6
DeepSVDD,mnist,1,3,one-class,0.995636952724544,0.9992945876073728,,10000,,,0.1,,99.7
DeepSVDD,mnist,1,3,soft-boundary,0.995313053611316,0.9992710520259116,,10000,,,0.1,,99.6
DeepSVDD,mnist,1,4,one-class,0.9955010920041444,0.9991159422410032,,10000,,,0.1,,99.7
DeepSVDD,mnist,1,4,soft-boundary,0.99481025962119,0.9990500041321536,,10000,,,0.1,,99.6
DeepSVDD,mnist,1,5,one-class,0.9952002504528278,0.9991322173190554,,10000,,,0.1,,99.7
DeepSVDD,mnist,1,5,soft-boundary,0.9944318969565508,0.9990456754423588,,10000,,,0.1,,99.6
DeepSVDD,mnist,1,6,one-class,0.9954630271497822,0.9992897170975004,,10000,,,0.1,,99.7
DeepSVDD,mnist,1,6,soft-boundary,0.9946619756454504,0.9991900154487804,,10000,,,0.1,,99.6
DeepSVDD,mnist,1,7,one-class,0.9938368727187796,0.9989884674057408,,10000,,,0.1,,99.7
DeepSVDD,mnist,1,7,soft-boundary,0.9929905011789668,0.9988646574531854,,10000,,,0.1,,99.6
DeepSVDD,mnist,1,8,one-class,0.9861571144256356,0.9977900436816712,,10000,,,0.1,,99.7
DeepSVDD,mnist,1,8,soft-boundary,0.9871920212884904,0.997976109801974,,10000,,,0.1,,99.6
DeepSVDD,mnist,1,9,one-class,0.9924665379617414,0.9986637694899004,,10000,,,0.1,,99.7
DeepSVDD,mnist,1,9,soft-boundary,0.9914517070795162,0.9985346167525786,,10000,,,0.1,,99.6
DeepSVDD,mnist,1,10,one-class,0.9892174094531035,0.9981971556359026,,10000,,,0.1,,99.7
DeepSVDD,mnist,1,10,soft-boundary,0.989706786327462,0.9982819106374444,,10000,,,0.1,,99.6
DeepSVDD,mnist,2,1,one-class,0.8614120123055965,0.9784618192460236,,10000,,,0.1,,91.7
DeepSVDD,mnist,2,1,soft-boundary,0.8592314015725163,0.9800770749981064,,10000,,,0.1,,89.5
DeepSVDD,mnist,2,2,one-class,0.8642476220359728,0.9783382666168152,,10000,,,0.1,,91.7
DeepSVDD,mnist,2,2,soft-boundary,0.8559317711898983,0.9777768354833132,,10000,,,0.1,,89.5
DeepSVDD,mnist,2,3,one-class,0.8633859234210872,0.9791649594850368,,10000,,,0.1,,91.7
DeepSVDD,mnist,2,3,soft-boundary,0.8680286150931131,0.9803676010063564,,10000,,,0.1,,89.5
DeepSVDD,mnist,2,4,one-class,0.8349830404746592,0.9727406559294344,,10000,,,0.1,,91.7
DeepSVDD,mnist,2,4,soft-boundary,0.820921307629539,0.97137928614525,,10000,,,0.1,,89.5
DeepSVDD,mnist,2,5,one-class,0.8492085230691035,0.9765164682747552,,10000,,,0.1,,91.7
DeepSVDD,mnist,2,5,soft-boundary,0.8657155891057957,0.979365301658382,,10000,,,0.1,,89.5
DeepSVDD,mnist,2,6,one-class,0.8804361026976191,0.9813913253456972,,10000,,,0.1,,91.7
DeepSVDD,mnist,2,6,soft-boundary,0.8713389424240537,0.98067571875194,,10000,,,0.1,,89.5
DeepSVDD,mnist,2,7,one-class,0.8883246158607002,0.9826734219994891,,10000,,,0.1,,91.7
DeepSVDD,mnist,2,7,soft-boundary,0.9047638805330236,0.9856603606270358,,10000,,,0.1,,89.5
DeepSVDD,mnist,2,8,one-class,0.8832893786002254,0.9823760708835758,,10000,,,0.1,,91.7
DeepSVDD,mnist,2,8,soft-boundary,0.8781541951054221,0.9819290867849146,,10000,,,0.1,,89.5
DeepSVDD,mnist,2,9,one-class,0.8892431487666742,0.9828314470964729,,10000,,,0.1,,91.7
DeepSVDD,mnist,2,9,soft-boundary,0.8887240766480649,0.9831459877235807,,10000,,,0.1,,89.5
DeepSVDD,mnist,2,10,one-class,0.8948586144361693,0.983890861948454,,10000,,,0.1,,91.7
DeepSVDD,mnist,2,10,soft-boundary,0.9055341148372508,0.9861443803154788,,10000,,,0.1,,89.5
DeepSVDD,mnist,3,1,one-class,0.8831998149759358,0.9843384437396524,,10000,,,0.1,,91.9
DeepSVDD,mnist,3,1,soft-boundary,0.8791400235685416,0.9840130977837284,,10000,,,0.1,,90.3
DeepSVDD,mnist,3,2,one-class,0.9007978061432396,0.9848234090000376,,10000,,,0.1,,91.9
DeepSVDD,mnist,3,2,soft-boundary,0.8992518640073128,0.9850608324788772,,10000,,,0.1,,90.3
DeepSVDD,mnist,3,3,one-class,0.8901151995066026,0.984366212733129,,10000,,,0.1,,91.9
DeepSVDD,mnist,3,3,soft-boundary,0.884770977653939,0.983769844278836,,10000,,,0.1,,90.3
DeepSVDD,mnist,3,4,one-class,0.8564254011608057,0.979021734798361,,10000,,,0.1,,91.9
DeepSVDD,mnist,3,4,soft-boundary,0.8493841341864998,0.9786906937561388,,10000,,,0.1,,90.3
DeepSVDD,mnist,3,5,one-class,0.9029073007411976,0.9855596075945936,,10000,,,0.1,,91.9
DeepSVDD,mnist,3,5,soft-boundary,0.9052542428881376,0.9861533709138912,,10000,,,0.1,,90.3
DeepSVDD,mnist,3,6,one-class,0.915639159021575,0.9866794253893416,,10000,,,0.1,,91.9
DeepSVDD,mnist,3,6,soft-boundary,0.9231047698763204,0.9882953325182948,,10000,,,0.1,,90.3
DeepSVDD,mnist,3,7,one-class,0.919070914877917,0.9882985344501812,,10000,,,0.1,,91.9
DeepSVDD,mnist,3,7,soft-boundary,0.9229861562352007,0.9892299742439482,,10000,,,0.1,,90.3
DeepSVDD,mnist,3,8,one-class,0.8886067027169902,0.982875422223678,,10000,,,0.1,,91.9
DeepSVDD,mnist,3,8,soft-boundary,0.8841057720900011,0.982901333257055,,10000,,,0.1,,90.3
DeepSVDD,mnist,3,9,one-class,0.8860340972918204,0.982972936390512,,10000,,,0.1,,91.9
DeepSVDD,mnist,3,9,soft-boundary,0.8823220520049779,0.9827441686146388,,10000,,,0.1,,90.3
DeepSVDD,mnist,3,10,one-class,0.886048194363374,0.9830005057317516,,10000,,,0.1,,91.9
DeepSVDD,mnist,3,10,soft-boundary,0.888831319728191,0.984175566022868,,10000,,,0.1,,90.3
DeepSVDD,mnist,4,1,one-class,0.9243941964453082,0.990818107779358,,10000,,,0.1,,94.9
DeepSVDD,mnist,4,1,soft-boundary,0.9189594334752084,0.9902159168012712,,10000,,,0.1,,93.8
DeepSVDD,mnist,4,2,one-class,0.9439688172873532,0.9935087735081584,,10000,,,0.1,,94.9
DeepSVDD,mnist,4,2,soft-boundary,0.9514878367275406,0.9944510644335416,,10000,,,0.1,,93.8
DeepSVDD,mnist,4,3,one-class,0.9370669161789568,0.9925428430538932,,10000,,,0.1,,94.9
DeepSVDD,mnist,4,3,soft-boundary,0.9353983817836156,0.9923684544564108,,10000,,,0.1,,93.8
DeepSVDD,mnist,4,4,one-class,0.8732729720464028,0.984194089829111,,10000,,,0.1,,94.9
DeepSVDD,mnist,4,4,soft-boundary,0.8723235809440183,0.9838920779358836,,10000,,,0.1,,93.8
DeepSVDD,mnist,4,5,one-class,0.9351093016501508,0.9923070188510492,,10000,,,0.1,,94.9
DeepSVDD,mnist,4,5,soft-boundary,0.944481821602326,0.993460813782597,,10000,,,0.1,,93.8
DeepSVDD,mnist,4,6,one-class,0.9540247407425474,0.9947001022581792,,10000,,,0.1,,94.9
DeepSVDD,mnist,4,6,soft-boundary,0.9582206937110164,0.9952178863144404,,10000,,,0.1,,93.8
DeepSVDD,mnist,4,7,one-class,0.9287191627155283,0.9909034429701676,,10000,,,0.1,,94.9
DeepSVDD,mnist,4,7,soft-boundary,0.9439753667591272,0.993301997571755,,10000,,,0.1,,93.8
DeepSVDD,mnist,4,8,one-class,0.9525005205700842,0.9945123558284562,,10000,,,0.1,,94.9
DeepSVDD,mnist,4,8,soft-boundary,0.957354808373748,0.9950784688117082,,10000,,,0.1,,93.8
DeepSVDD,mnist,4,9,one-class,0.9365635102277906,0.9926775313794596,,10000,,,0.1,,94.9
DeepSVDD,mnist,4,9,soft-boundary,0.9376337842531728,0.9928150635276228,,10000,,,0.1,,93.8
DeepSVDD,mnist,4,10,one-class,0.9561157160672996,0.9947709301929072,,10000,,,0.1,,94.9
DeepSVDD,mnist,4,10,soft-boundary,0.9607667444021212,0.995384786905569,,10000,,,0.1,,93.8
DeepSVDD,mnist,5,1,one-class,0.8218409479863954,0.9757262089400468,,10000,,,0.1,,88.5
DeepSVDD,mnist,5,1,soft-boundary,0.816086385398142,0.9762897770219212,,10000,,,0.1,,85.8
DeepSVDD,mnist,5,2,one-class,0.8359016047588381,0.978161586394372,,10000,,,0.1,,88.5
DeepSVDD,mnist,5,2,soft-boundary,0.8394185075555713,0.979050005411984,,10000,,,0.1,,85.8
DeepSVDD,mnist,5,3,one-class,0.773857703571098,0.9667449020380676,,10000,,,0.1,,88.5
DeepSVDD,mnist,5,3,soft-boundary,0.8021221672761933,0.9727704482180652,,10000,,,0.1,,85.8
DeepSVDD,mnist,5,4,one-class,0.8768577518211951,0.9827974326327164,,10000,,,0.1,,88.5
DeepSVDD,mnist,5,4,soft-boundary,0.8830442266297209,0.9844593020851372,,10000,,,0.1,,85.8
DeepSVDD,mnist,5,5,one-class,0.8730615646620229,0.9839580079598632,,10000,,,0.1,,88.5
DeepSVDD,mnist,5,5,soft-boundary,0.8616418006345381,0.9829177221038896,,10000,,,0.1,,85.8
DeepSVDD,mnist,5,6,one-class,0.8689924936634821,0.9823418746612538,,10000,,,0.1,,88.5
DeepSVDD,mnist,5,6,soft-boundary,0.8665791272049801,0.9824793162505217,,10000,,,0.1,,85.8
DeepSVDD,mnist,5,7,one-class,0.8331528878175398,0.976553836954248,,10000,,,0.1,,88.5
DeepSVDD,mnist,5,7,soft-boundary,0.8459688274832553,0.9792557719575226,,10000,,,0.1,,85.8
DeepSVDD,mnist,5,8,one-class,0.8435808784865619,0.9790100086491214,,10000,,,0.1,,88.5
DeepSVDD,mnist,5,8,soft-boundary,0.8455051588215947,0.9796051731249832,,10000,,,0.1,,85.8
DeepSVDD,mnist,5,9,one-class,0.8971731351337512,0.9869975634573718,,10000,,,0.1,,88.5
DeepSVDD,mnist,5,9,soft-boundary,0.8912757916462342,0.986671217427844,,10000,,,0.1,,85.8
DeepSVDD,mnist,5,10,one-class,0.8411828979008253,0.9796300520582863,,10000,,,0.1,,88.5
DeepSVDD,mnist,5,10,soft-boundary,0.8363228699551569,0.9794952293983016,,10000,,,0.1,,85.8
DeepSVDD,mnist,6,1,one-class,0.9794620003426366,0.9972696578587772,,10000,,,0.1,,98.3
DeepSVDD,mnist,6,1,soft-boundary,0.9787909264998093,0.9972508675506144,,10000,,,0.1,,98.0
DeepSVDD,mnist,6,2,one-class,0.9571930388412412,0.9932316098079336,,10000,,,0.1,,98.3
DeepSVDD,mnist,6,2,soft-boundary,0.9578018885654928,0.9934225600906889,,10000,,,0.1,,98.0
DeepSVDD,mnist,6,3,one-class,0.954504933830018,0.9925569520617176,,10000,,,0.1,,98.3
DeepSVDD,mnist,6,3,soft-boundary,0.9549132002406768,0.9928594878342104,,10000,,,0.1,,98.0
DeepSVDD,mnist,6,4,one-class,0.968640198673876,0.9948863061078096,,10000,,,0.1,,98.3
DeepSVDD,mnist,6,4,soft-boundary,0.9695801407396428,0.9951363345794126,,10000,,,0.1,,98.0
DeepSVDD,mnist,6,5,one-class,0.9668956144810648,0.995109397347766,,10000,,,0.1,,98.3
DeepSVDD,mnist,6,5,soft-boundary,0.9689778713025134,0.99544600592235,,10000,,,0.1,,98.0
DeepSVDD,mnist,6,6,one-class,0.9768233052066464,0.996590510848772,,10000,,,0.1,,98.3
DeepSVDD,mnist,6,6,soft-boundary,0.9756435867136384,0.9964777533963792,,10000,,,0.1,,98.0
DeepSVDD,mnist,6,7,one-class,0.9636855888017828,0.9933944101754998,,10000,,,0.1,,98.3
DeepSVDD,mnist,6,7,soft-boundary,0.963151315664916,0.9936606809085232,,10000,,,0.1,,98.0
DeepSVDD,mnist,6,8,one-class,0.9639026228331808,0.9946249243458414,,10000,,,0.1,,98.3
DeepSVDD,mnist,6,8,soft-boundary,0.965428556783722,0.9948399762711696,,10000,,,0.1,,98.0
DeepSVDD,mnist,6,9,one-class,0.9708719550009952,0.9954952023213904,,10000,,,0.1,,98.3
DeepSVDD,mnist,6,9,soft-boundary,0.9711396687875972,0.9955934156653112,,10000,,,0.1,,98.0
DeepSVDD,mnist,6,10,one-class,0.9547608723659804,0.9935469985757928,,10000,,,0.1,,98.3
DeepSVDD,mnist,6,10,soft-boundary,0.9557468764416024,0.9937833904711568,,10000,,,0.1,,98.0
DeepSVDD,mnist,7,1,one-class,0.9181663966234772,0.989133662906813,,10000,,,0.1,,94.6
DeepSVDD,mnist,7,1,soft-boundary,0.9152363991041736,0.98865511288901,,10000,,,0.1,,92.7
DeepSVDD,mnist,7,2,one-class,0.9235705311466196,0.9895824110859136,,10000,,,0.1,,94.6
DeepSVDD,mnist,7,2,soft-boundary,0.9187194575080968,0.9891557272976236,,10000,,,0.1,,92.7
DeepSVDD,mnist,7,3,one-class,0.93898971898739,0.9917756361870114,,10000,,,0.1,,94.6
DeepSVDD,mnist,7,3,soft-boundary,0.9387906561008654,0.991860572388441,,10000,,,0.1,,92.7
DeepSVDD,mnist,7,4,one-class,0.929415292886993,0.9903823450918198,,10000,,,0.1,,94.6
DeepSVDD,mnist,7,4,soft-boundary,0.9087488572315774,0.988054082344467,,10000,,,0.1,,92.7
DeepSVDD,mnist,7,5,one-class,0.9266588790721154,0.9894399388448588,,10000,,,0.1,,94.6
DeepSVDD,mnist,7,5,soft-boundary,0.9328604035728968,0.99067062516171,,10000,,,0.1,,92.7
DeepSVDD,mnist,7,6,one-class,0.9328839311580688,0.990823683444122,,10000,,,0.1,,94.6
DeepSVDD,mnist,7,6,soft-boundary,0.9301503943960544,0.9905924204326062,,10000,,,0.1,,92.7
DeepSVDD,mnist,7,7,one-class,0.9123262428202916,0.9864241022638578,,10000,,,0.1,,94.6
DeepSVDD,mnist,7,7,soft-boundary,0.9155601473499048,0.9875276120077656,,10000,,,0.1,,92.7
DeepSVDD,mnist,7,8,one-class,0.9383826639211312,0.9912706861644756,,10000,,,0.1,,94.6
DeepSVDD,mnist,7,8,soft-boundary,0.9386068807236,0.9915510460256264,,10000,,,0.1,,92.7
DeepSVDD,mnist,7,9,one-class,0.9452423102744204,0.9926345191944724,,10000,,,0.1,,94.6
DeepSVDD,mnist,7,9,soft-boundary,0.9388287122409364,0.991829385808179,,10000,,,0.1,,92.7
DeepSVDD,mnist,7,10,one-class,0.931084450369589,0.9903500424056412,,10000,,,0.1,,94.6
DeepSVDD,mnist,7,10,soft-boundary,0.9299995793224402,0.9902625580545152,,10000,,,0.1,,92.7
DeepSVDD,mnist,8,1,one-class,0.8857712444678413,0.9836341911346872,,10000,,,0.1,,93.9
DeepSVDD,mnist,8,1,soft-boundary,0.8922616206614613,0.9857487143779402,,10000,,,0.1,,92.9
DeepSVDD,mnist,8,2,one-class,0.9021909555375276,0.9864158997284722,,10000,,,0.1,,93.9
DeepSVDD,mnist,8,2,soft-boundary,0.8992440160321699,0.9862738325931836,,10000,,,0.1,,92.9
DeepSVDD,mnist,8,3,one-class,0.9190755567648284,0.9883132832947316,,10000,,,0.1,,93.9
DeepSVDD,mnist,8,3,soft-boundary,0.9168237912742154,0.9883288106089948,,10000,,,0.1,,92.9
DeepSVDD,mnist,8,4,one-class,0.90422523387831,0.9857902913561204,,10000,,,0.1,,93.9
DeepSVDD,mnist,8,4,soft-boundary,0.9219450904095902,0.9892004541578588,,10000,,,0.1,,92.9
DeepSVDD,mnist,8,5,one-class,0.9058877252163612,0.9867687481692584,,10000,,,0.1,,93.9
DeepSVDD,mnist,8,5,soft-boundary,0.904567389394362,0.9868221753200884,,10000,,,0.1,,92.9
DeepSVDD,mnist,8,6,one-class,0.9340858100554592,0.9900509279173976,,10000,,,0.1,,93.9
DeepSVDD,mnist,8,6,soft-boundary,0.9389656211055356,0.991043931720658,,10000,,,0.1,,92.9
DeepSVDD,mnist,8,7,one-class,0.901516540625735,0.9845432757830376,,10000,,,0.1,,93.9
DeepSVDD,mnist,8,7,soft-boundary,0.8991174139412903,0.9850668267896466,,10000,,,0.1,,92.9
DeepSVDD,mnist,8,8,one-class,0.9138837904279266,0.9873931276175828,,10000,,,0.1,,93.9
DeepSVDD,mnist,8,8,soft-boundary,0.9126017878535704,0.9875080336931514,,10000,,,0.1,,92.9
DeepSVDD,mnist,8,9,one-class,0.915583477528527,0.9872387293529776,,10000,,,0.1,,93.9
DeepSVDD,mnist,8,9,soft-boundary,0.9156080472065417,0.9877400759213202,,10000,,,0.1,,92.9
DeepSVDD,mnist,8,10,one-class,0.9261319455408537,0.9899750198961056,,10000,,,0.1,,93.9
DeepSVDD,mnist,8,10,soft-boundary,0.9283603925870552,0.9902772448957812,,10000,,,0.1,,92.9
DeepSVDD,mnist,9,1,one-class,0.9522579511567508,0.9936421625462531,,10000,,,0.1,,96.5
DeepSVDD,mnist,9,1,soft-boundary,0.949887118701126,0.993486651775523,,10000,,,0.1,,94.9
DeepSVDD,mnist,9,2,one-class,0.9478846757780796,0.9922452454032532,,10000,,,0.1,,96.5
DeepSVDD,mnist,9,2,soft-boundary,0.9465836280063789,0.992268558678714,,10000,,,0.1,,94.9
DeepSVDD,mnist,9,3,one-class,0.9445809646228102,0.9921809100879012,,10000,,,0.1,,96.5
DeepSVDD,mnist,9,3,soft-boundary,0.9399037844143008,0.9915495849583832,,10000,,,0.1,,94.9
DeepSVDD,mnist,9,4,one-class,0.95916244402094,0.9944616521175308,,10000,,,0.1,,96.5
DeepSVDD,mnist,9,4,soft-boundary,0.9558999589833198,0.9942542795176847,,10000,,,0.1,,94.9
DeepSVDD,mnist,9,5,one-class,0.9536808033669611,0.9934239993582108,,10000,,,0.1,,96.5
DeepSVDD,mnist,9,5,soft-boundary,0.953120613180078,0.9933528986127804,,10000,,,0.1,,94.9
DeepSVDD,mnist,9,6,one-class,0.9545207579565028,0.99336645393038,,10000,,,0.1,,96.5
DeepSVDD,mnist,9,6,soft-boundary,0.954386938419534,0.9934079243499168,,10000,,,0.1,,94.9
DeepSVDD,mnist,9,7,one-class,0.946204215447691,0.9920858919380352,,10000,,,0.1,,96.5
DeepSVDD,mnist,9,7,soft-boundary,0.9485746069822714,0.9924493658519618,,10000,,,0.1,,94.9
DeepSVDD,mnist,9,8,one-class,0.95447616981589,0.9930067746953384,,10000,,,0.1,,96.5
DeepSVDD,mnist,9,8,soft-boundary,0.9547116216535882,0.9931242468900852,,10000,,,0.1,,94.9
DeepSVDD,mnist,9,9,one-class,0.9487303623411982,0.992774362444028,,10000,,,0.1,,96.5
DeepSVDD,mnist,9,9,soft-boundary,0.9449639045498532,0.9923921979956624,,10000,,,0.1,,94.9
DeepSVDD,mnist,9,10,one-class,0.9546678051248032,0.994120808283935,,10000,,,0.1,,96.5
DeepSVDD,mnist,9,10,soft-boundary,0.9517755835342004,0.9937943889485084,,10000,,,0.1,,94.9
DeepSVDD,cifar10,0,1,one-class,0.5792942222222222,0.9021287200756491,,10000,,,0.1,,61.7
DeepSVDD,cifar10,0,1,soft-boundary,0.5827895000000001,0.903077598903816,,10000,,,0.1,,61.7
DeepSVDD,cifar10,0,2,one-class,0.5949515555555556,0.9050791511938115,,10000,,,0.1,,61.7
DeepSVDD,cifar10,0,2,soft-boundary,0.6037543888888889,0.9084121788297302,,10000,,,0.1,,61.7
DeepSVDD,cifar10,0,3,one-class,0.61821,0.915277613623036,,10000,,,0.1,,61.7
DeepSVDD,cifar10,0,3,soft-boundary,0.6341385555555555,0.9189376109788387,,10000,,,0.1,,61.7
DeepSVDD,cifar10,0,4,one-class,0.6016169444444445,0.9104956353918604,,10000,,,0.1,,61.7
DeepSVDD,cifar10,0,4,soft-boundary,0.6064961111111111,0.9105379040189372,,10000,,,0.1,,61.7
DeepSVDD,cifar10,0,5,one-class,0.6375875555555556,0.9185372366042852,,10000,,,0.1,,61.7
DeepSVDD,cifar10,0,5,soft-boundary,0.6323231666666667,0.9175026583139982,,10000,,,0.1,,61.7
DeepSVDD,cifar10,0,6,one-class,0.6384304999999999,0.9214256639938234,,10000,,,0.1,,61.7
DeepSVDD,cifar10,0,6,soft-boundary,0.6374142222222223,0.9208144237761452,,10000,,,0.1,,61.7
DeepSVDD,cifar10,0,7,one-class,0.6127514444444444,0.911545847984043,,10000,,,0.1,,61.7
DeepSVDD,cifar10,0,7,soft-boundary,0.6157550555555555,0.9116364218809072,,10000,,,0.1,,61.7
DeepSVDD,cifar10,0,8,one-class,0.6043692222222222,0.9106806636028766,,10000,,,0.1,,61.7
DeepSVDD,cifar10,0,8,soft-boundary,0.6252999444444445,0.915563948672087,,10000,,,0.1,,61.7
DeepSVDD,cifar10,0,9,one-class,0.5576622777777779,0.8960973693071792,,10000,,,0.1,,61.7
DeepSVDD,cifar10,0,9,soft-boundary,0.5477377222222222,0.8945466882371769,,10000,,,0.1,,61.7
DeepSVDD,cifar10,0,10,one-class,0.6261414444444444,0.9147249017767785,,10000,,,0.1,,61.7
DeepSVDD,cifar10,0,10,soft-boundary,0.6291349444444445,0.9160272709825784,,10000,,,0.1,,61.7
DeepSVDD,cifar10,1,1,one-class,0.605357,0.9337127178098806,,10000,,,0.1,,65.9
DeepSVDD,cifar10,1,1,soft-boundary,0.6204306666666666,0.9366051983920678,,10000,,,0.1,,64.8
DeepSVDD,cifar10,1,2,one-class,0.6355725555555556,0.9401088823036476,,10000,,,0.1,,65.9
DeepSVDD,cifar10,1,2,soft-boundary,0.6428801666666667,0.9416821611678294,,10000,,,0.1,,64.8
DeepSVDD,cifar10,1,3,one-class,0.624689,0.9366697617660816,,10000,,,0.1,,65.9
DeepSVDD,cifar10,1,3,soft-boundary,0.6328756111111111,0.9383023292612226,,10000,,,0.1,,64.8
DeepSVDD,cifar10,1,4,one-class,0.5915952222222223,0.929118754726276,,10000,,,0.1,,65.9
DeepSVDD,cifar10,1,4,soft-boundary,0.5997894444444445,0.9312064861729036,,10000,,,0.1,,64.8
DeepSVDD,cifar10,1,5,one-class,0.6087332777777777,0.9346238964459744,,10000,,,0.1,,65.9
DeepSVDD,cifar10,1,5,soft-boundary,0.6142198333333333,0.9359604589339582,,10000,,,0.1,,64.8
DeepSVDD,cifar10,1,6,one-class,0.5983195555555556,0.9305202892706368,,10000,,,0.1,,65.9
DeepSVDD,cifar10,1,6,soft-boundary,0.614088388888889,0.9337209126260696,,10000,,,0.1,,64.8
DeepSVDD,cifar10,1,7,one-class,0.6202343333333333,0.934608187966262,,10000,,,0.1,,65.9
DeepSVDD,cifar10,1,7,soft-boundary,0.6238601666666668,0.9354600588593276,,10000,,,0.1,,64.8
DeepSVDD,cifar10,1,8,one-class,0.6092188888888889,0.9326814267894324,,10000,,,0.1,,65.9
DeepSVDD,cifar10,1,8,soft-boundary,0.6090565555555556,0.9325988501707746,,10000,,,0.1,,64.8
DeepSVDD,cifar10,1,9,one-class,0.5890757777777778,0.9291164220656009,,10000,,,0.1,,65.9
DeepSVDD,cifar10,1,9,soft-boundary,0.6016871666666667,0.9318139373088544,,10000,,,0.1,,64.8
DeepSVDD,cifar10,1,10,one-class,0.5815186666666666,0.9255399618909206,,10000,,,0.1,,65.9
DeepSVDD,cifar10,1,10,soft-boundary,0.5822544444444444,0.9258044607145224,,10000,,,0.1,,64.8
DeepSVDD,cifar10,2,1,one-class,0.4705801111111111,0.8885225238519345,,10000,,,0.1,,50.8
DeepSVDD,cifar10,2,1,soft-boundary,0.4583781111111111,0.8856467778966619,,10000,,,0.1,,49.5
DeepSVDD,cifar10,2,2,one-class,0.4733669444444444,0.8872590219162615,,10000,,,0.1,,50.8
DeepSVDD,cifar10,2,2,soft-boundary,0.4753341111111111,0.8875575063174141,,10000,,,0.1,,49.5
DeepSVDD,cifar10,2,3,one-class,0.4592774444444444,0.883973818612785,,10000,,,0.1,,50.8
DeepSVDD,cifar10,2,3,soft-boundary,0.4706287222222222,0.8864694920537275,,10000,,,0.1,,49.5
DeepSVDD,cifar10,2,4,one-class,0.4832852222222222,0.8917141834945327,,10000,,,0.1,,50.8
DeepSVDD,cifar10,2,4,soft-boundary,0.4909387777777778,0.8948063253458014,,10000,,,0.1,,49.5
DeepSVDD,cifar10,2,5,one-class,0.4801206111111111,0.889548099011875,,10000,,,0.1,,50.8
DeepSVDD,cifar10,2,5,soft-boundary,0.4787686666666667,0.8893288918789295,,10000,,,0.1,,49.5
DeepSVDD,cifar10,2,6,one-class,0.4908462222222222,0.8930547769229181,,10000,,,0.1,,50.8
DeepSVDD,cifar10,2,6,soft-boundary,0.4779118888888888,0.889143854529489,,10000,,,0.1,,49.5
DeepSVDD,cifar10,2,7,one-class,0.4762673888888888,0.8890891305640124,,10000,,,0.1,,50.8
DeepSVDD,cifar10,2,7,soft-boundary,0.4689227222222222,0.886509188499939,,10000,,,0.1,,49.5
DeepSVDD,cifar10,2,8,one-class,0.4815383888888888,0.8909884632861134,,10000,,,0.1,,50.8
DeepSVDD,cifar10,2,8,soft-boundary,0.4962081111111111,0.894230778949687,,10000,,,0.1,,49.5
DeepSVDD,cifar10,2,9,one-class,0.4868325,0.8912765054803601,,10000,,,0.1,,50.8
DeepSVDD,cifar10,2,9,soft-boundary,0.4965052777777777,0.8953941112869557,,10000,,,0.1,,49.5
DeepSVDD,cifar10,2,10,one-class,0.4820361111111111,0.8896082152998679,,10000,,,0.1,,50.8
DeepSVDD,cifar10,2,10,soft-boundary,0.4881108333333332,0.8922210822729673,,10000,,,0.1,,49.5
DeepSVDD,cifar10,3,1,one-class,0.5900761111111111,0.9247454389090224,,10000,,,0.1,,59.1
DeepSVDD,cifar10,3,1,soft-boundary,0.593673611111111,0.925552913336238,,10000,,,0.1,,56.0
DeepSVDD,cifar10,3,2,one-class,0.5916931666666667,0.9266811647744552,,10000,,,0.1,,59.1
DeepSVDD,cifar10,3,2,soft-boundary,0.5931129444444444,0.927034905913251,,10000,,,0.1,,56.0
DeepSVDD,cifar10,3,3,one-class,0.562279388888889,0.9202723994286442,,10000,,,0.1,,59.1
DeepSVDD,cifar10,3,3,soft-boundary,0.5656984444444444,0.920780359900138,,10000,,,0.1,,56.0
DeepSVDD,cifar10,3,4,one-class,0.5960580555555556,0.9283302394140552,,10000,,,0.1,,59.1
DeepSVDD,cifar10,3,4,soft-boundary,0.5946155555555556,0.9279679508389456,,10000,,,0.1,,56.0
DeepSVDD,cifar10,3,5,one-class,0.5744763888888889,0.923658324054154,,10000,,,0.1,,59.1
DeepSVDD,cifar10,3,5,soft-boundary,0.5803398333333333,0.9250889138495656,,10000,,,0.1,,56.0
DeepSVDD,cifar10,3,6,one-class,0.5682933333333333,0.9226979687871965,,10000,,,0.1,,59.1
DeepSVDD,cifar10,3,6,soft-boundary,0.5770012222222223,0.924249576695301,,10000,,,0.1,,56.0
DeepSVDD,cifar10,3,7,one-class,0.6132587777777777,0.9312101772054522,,10000,,,0.1,,59.1
DeepSVDD,cifar10,3,7,soft-boundary,0.6129623333333333,0.9317194971475772,,10000,,,0.1,,56.0
DeepSVDD,cifar10,3,8,one-class,0.5897892222222223,0.9269425653734928,,10000,,,0.1,,59.1
DeepSVDD,cifar10,3,8,soft-boundary,0.5927398888888888,0.9275048154246642,,10000,,,0.1,,56.0
DeepSVDD,cifar10,3,9,one-class,0.5746721111111112,0.92351756226099,,10000,,,0.1,,59.1
DeepSVDD,cifar10,3,9,soft-boundary,0.5795912222222221,0.9243084867568426,,10000,,,0.1,,56.0
DeepSVDD,cifar10,3,10,one-class,0.5822814444444444,0.9246543937890794,,10000,,,0.1,,59.1
DeepSVDD,cifar10,3,10,soft-boundary,0.5914728888888889,0.9263463762048816,,10000,,,0.1,,56.0
DeepSVDD,cifar10,4,1,one-class,0.5746534999999999,0.9176119461995068,,10000,,,0.1,,60.9
DeepSVDD,cifar10,4,1,soft-boundary,0.5758697777777777,0.9183458728444522,,10000,,,0.1,,59.1
DeepSVDD,cifar10,4,2,one-class,0.5699292222222223,0.9171715425012156,,10000,,,0.1,,60.9
DeepSVDD,cifar10,4,2,soft-boundary,0.5693726666666667,0.9171261183256304,,10000,,,0.1,,59.1
DeepSVDD,cifar10,4,3,one-class,0.5643397777777779,0.9162821184645352,,10000,,,0.1,,60.9
DeepSVDD,cifar10,4,3,soft-boundary,0.566037,0.9168080829043852,,10000,,,0.1,,59.1
DeepSVDD,cifar10,4,4,one-class,0.5593899999999999,0.9159543300972564,,10000,,,0.1,,60.9
DeepSVDD,cifar10,4,4,soft-boundary,0.5661457777777777,0.9171682415877576,,10000,,,0.1,,59.1
DeepSVDD,cifar10,4,5,one-class,0.5409805555555556,0.9116572890887452,,10000,,,0.1,,60.9
DeepSVDD,cifar10,4,5,soft-boundary,0.5472980000000001,0.9126837343847088,,10000,,,0.1,,59.1
DeepSVDD,cifar10,4,6,one-class,0.5710025555555556,0.9188315518592648,,10000,,,0.1,,60.9
DeepSVDD,cifar10,4,6,soft-boundary,0.5762837222222222,0.919718995547162,,10000,,,0.1,,59.1
DeepSVDD,cifar10,4,7,one-class,0.5561845555555556,0.9164473391129956,,10000,,,0.1,,60.9
DeepSVDD,cifar10,4,7,soft-boundary,0.559368388888889,0.9175508961925803,,10000,,,0.1,,59.1
DeepSVDD,cifar10,4,8,one-class,0.5313493333333335,0.9081343253113372,,10000,,,0.1,,60.9
DeepSVDD,cifar10,4,8,soft-boundary,0.5499493333333334,0.9124497042638816,,10000,,,0.1,,59.1
DeepSVDD,cifar10,4,9,one-class,0.5863017222222222,0.9206957617799068,,10000,,,0.1,,60.9
DeepSVDD,cifar10,4,9,soft-boundary,0.5845877777777777,0.9203679321881544,,10000,,,0.1,,59.1
DeepSVDD,cifar10,4,10,one-class,0.5801865555555555,0.9203109020722836,,10000,,,0.1,,60.9
DeepSVDD,cifar10,4,10,soft-boundary,0.5805778333333333,0.9200393017808784,,10000,,,0.1,,59.1
DeepSVDD,cifar10,5,1,one-class,0.6354075,0.9348968196827644,,10000,,,0.1,,65.7
DeepSVDD,cifar10,5,1,soft-boundary,0.6450794444444444,0.9368586436041544,,10000,,,0.1,,62.1
DeepSVDD,cifar10,5,2,one-class,0.6341665555555556,0.9344215900726496,,10000,,,0.1,,65.7
DeepSVDD,cifar10,5,2,soft-boundary,0.6404552777777778,0.9353150502440972,,10000,,,0.1,,62.1
DeepSVDD,cifar10,5,3,one-class,0.6120227777777777,0.9307932008115424,,10000,,,0.1,,65.7
DeepSVDD,cifar10,5,3,soft-boundary,0.6163535,0.9316444408750776,,10000,,,0.1,,62.1
DeepSVDD,cifar10,5,4,one-class,0.6262177222222223,0.9333714879085804,,10000,,,0.1,,65.7
DeepSVDD,cifar10,5,4,soft-boundary,0.635597,0.9358472688170634,,10000,,,0.1,,62.1
DeepSVDD,cifar10,5,5,one-class,0.6221162222222223,0.9327105779932128,,10000,,,0.1,,65.7
DeepSVDD,cifar10,5,5,soft-boundary,0.6245,0.9332693707876084,,10000,,,0.1,,62.1
DeepSVDD,cifar10,5,6,one-class,0.6076582222222222,0.9295303759041206,,10000,,,0.1,,65.7
DeepSVDD,cifar10,5,6,soft-boundary,0.597987,0.9275643377219608,,10000,,,0.1,,62.1
DeepSVDD,cifar10,5,7,one-class,0.6533521111111111,0.9392705568831382,,10000,,,0.1,,65.7
DeepSVDD,cifar10,5,7,soft-boundary,0.6480934999999999,0.9383596124669592,,10000,,,0.1,,62.1
DeepSVDD,cifar10,5,8,one-class,0.6334888888888889,0.9363099706029516,,10000,,,0.1,,65.7
DeepSVDD,cifar10,5,8,soft-boundary,0.6490788888888889,0.939568412924253,,10000,,,0.1,,62.1
DeepSVDD,cifar10,5,9,one-class,0.6373122222222222,0.935675831491037,,10000,,,0.1,,65.7
DeepSVDD,cifar10,5,9,soft-boundary,0.6303227777777778,0.9344029967209776,,10000,,,0.1,,62.1
DeepSVDD,cifar10,5,10,one-class,0.6194994444444444,0.931215625316958,,10000,,,0.1,,65.7
DeepSVDD,cifar10,5,10,soft-boundary,0.6208971666666667,0.93168644321713,,10000,,,0.1,,62.1
DeepSVDD,cifar10,6,1,one-class,0.5848393888888889,0.9255739400040784,,10000,,,0.1,,67.7
DeepSVDD,cifar10,6,1,soft-boundary,0.5943876666666666,0.928102978834324,,10000,,,0.1,,67.8
DeepSVDD,cifar10,6,2,one-class,0.6057922222222223,0.9336738825799024,,10000,,,0.1,,67.7
DeepSVDD,cifar10,6,2,soft-boundary,0.6137441666666666,0.9349717104077062,,10000,,,0.1,,67.8
DeepSVDD,cifar10,6,3,one-class,0.5085302222222221,0.9079467805185004,,10000,,,0.1,,67.7
DeepSVDD,cifar10,6,3,soft-boundary,0.5259988888888889,0.9119161690318762,,10000,,,0.1,,67.8
DeepSVDD,cifar10,6,4,one-class,0.585249,0.9279365304940124,,10000,,,0.1,,67.7
DeepSVDD,cifar10,6,4,soft-boundary,0.5921051111111111,0.929077571366097,,10000,,,0.1,,67.8
DeepSVDD,cifar10,6,5,one-class,0.5528704444444446,0.9182075905007316,,10000,,,0.1,,67.7
DeepSVDD,cifar10,6,5,soft-boundary,0.5567891666666667,0.9190700107496724,,10000,,,0.1,,67.8
DeepSVDD,cifar10,6,6,one-class,0.5194184444444445,0.910183973994796,,10000,,,0.1,,67.7
DeepSVDD,cifar10,6,6,soft-boundary,0.5138423333333333,0.9096162011538858,,10000,,,0.1,,67.8
DeepSVDD,cifar10,6,7,one-class,0.566654611111111,0.9235045295472746,,10000,,,0.1,,67.7
DeepSVDD,cifar10,6,7,soft-boundary,0.5751555555555556,0.9255996278498414,,10000,,,0.1,,67.8
DeepSVDD,cifar10,6,8,one-class,0.4900457222222222,0.9011569792927472,,10000,,,0.1,,67.7
DeepSVDD,cifar10,6,8,soft-boundary,0.4974853333333333,0.9037209016877183,,10000,,,0.1,,67.8
DeepSVDD,cifar10,6,9,one-class,0.577663111111111,0.92416418757202,,10000,,,0.1,,67.7
DeepSVDD,cifar10,6,9,soft-boundary,0.5720093333333334,0.9230996511647184,,10000,,,0.1,,67.8
DeepSVDD,cifar10,6,10,one-class,0.5780846666666666,0.9239966187599276,,10000,,,0.1,,67.7
DeepSVDD,cifar10,6,10,soft-boundary,0.5796717222222223,0.9250334259874488,,10000,,,0.1,,67.8
DeepSVDD,cifar10,7,1,one-class,0.5979715000000001,0.9304907474179308,,10000,,,0.1,,67.3
DeepSVDD,cifar10,7,1,soft-boundary,0.6107306666666668,0.9333974013251752,,10000,,,0.1,,65.2
DeepSVDD,cifar10,7,2,one-class,0.6156700555555557,0.9355362579159588,,10000,,,0.1,,67.3
DeepSVDD,cifar10,7,2,soft-boundary,0.6269284444444444,0.9375743412265154,,10000,,,0.1,,65.2
DeepSVDD,cifar10,7,3,one-class,0.5947091111111111,0.9314257226126874,,10000,,,0.1,,67.3
DeepSVDD,cifar10,7,3,soft-boundary,0.6006698888888888,0.932357051677834,,10000,,,0.1,,65.2
DeepSVDD,cifar10,7,4,one-class,0.6075677222222222,0.9339175984474688,,10000,,,0.1,,67.3
DeepSVDD,cifar10,7,4,soft-boundary,0.6122768888888889,0.9350131226514704,,10000,,,0.1,,65.2
DeepSVDD,cifar10,7,5,one-class,0.5911837777777778,0.9308081448831952,,10000,,,0.1,,67.3
DeepSVDD,cifar10,7,5,soft-boundary,0.5954626111111112,0.931826537441643,,10000,,,0.1,,65.2
DeepSVDD,cifar10,7,6,one-class,0.5898273333333334,0.9292588189725436,,10000,,,0.1,,67.3
DeepSVDD,cifar10,7,6,soft-boundary,0.5952232777777777,0.9298268386451876,,10000,,,0.1,,65.2
DeepSVDD,cifar10,7,7,one-class,0.6185804444444445,0.9358766777439448,,10000,,,0.1,,67.3
DeepSVDD,cifar10,7,7,soft-boundary,0.6253207222222222,0.93727254430335,,10000,,,0.1,,65.2
DeepSVDD,cifar10,7,8,one-class,0.6315444444444445,0.9405445940406224,,10000,,,0.1,,67.3
DeepSVDD,cifar10,7,8,soft-boundary,0.6586183888888889,0.946130768032216,,10000,,,0.1,,65.2
DeepSVDD,cifar10,7,9,one-class,0.6067913333333332,0.9343221657577376,,10000,,,0.1,,67.3
DeepSVDD,cifar10,7,9,soft-boundary,0.598792,0.9322374577467412,,10000,,,0.1,,65.2
DeepSVDD,cifar10,7,10,one-class,0.6138506666666667,0.9342047274172528,,10000,,,0.1,,67.3
DeepSVDD,cifar10,7,10,soft-boundary,0.6183401111111111,0.9351576999475036,,10000,,,0.1,,65.2
DeepSVDD,cifar10,8,1,one-class,0.7756502222222222,0.9591098882742248,,10000,,,0.1,,75.9
DeepSVDD,cifar10,8,1,soft-boundary,0.7770766111111111,0.9592890571765584,,10000,,,0.1,,75.6
DeepSVDD,cifar10,8,2,one-class,0.7692007777777777,0.95858749352434,,10000,,,0.1,,75.9
DeepSVDD,cifar10,8,2,soft-boundary,0.7758878888888888,0.9602366113365686,,10000,,,0.1,,75.6
DeepSVDD,cifar10,8,3,one-class,0.7839772222222221,0.9613153310838188,,10000,,,0.1,,75.9
DeepSVDD,cifar10,8,3,soft-boundary,0.7721654444444445,0.95936911085536,,10000,,,0.1,,75.6
DeepSVDD,cifar10,8,4,one-class,0.7547455,0.95490097541514,,10000,,,0.1,,75.9
DeepSVDD,cifar10,8,4,soft-boundary,0.7671988333333334,0.9575951589238983,,10000,,,0.1,,75.6
DeepSVDD,cifar10,8,5,one-class,0.7572367777777779,0.9551690904589212,,10000,,,0.1,,75.9
DeepSVDD,cifar10,8,5,soft-boundary,0.7512982222222222,0.9540009609622678,,10000,,,0.1,,75.6
DeepSVDD,cifar10,8,6,one-class,0.7906125555555557,0.9633373491382924,,10000,,,0.1,,75.9
DeepSVDD,cifar10,8,6,soft-boundary,0.7957081111111111,0.9643627553363836,,10000,,,0.1,,75.6
DeepSVDD,cifar10,8,7,one-class,0.7827944444444443,0.9608135418158016,,10000,,,0.1,,75.9
DeepSVDD,cifar10,8,7,soft-boundary,0.7826862222222222,0.9605960395606,,10000,,,0.1,,75.6
DeepSVDD,cifar10,8,8,one-class,0.7493983333333334,0.953119466743203,,10000,,,0.1,,75.9
DeepSVDD,cifar10,8,8,soft-boundary,0.7538702222222222,0.9541236748333546,,10000,,,0.1,,75.6
DeepSVDD,cifar10,8,9,one-class,0.7459991111111112,0.9518561984482448,,10000,,,0.1,,75.9
DeepSVDD,cifar10,8,9,soft-boundary,0.7499572222222223,0.9529104560445336,,10000,,,0.1,,75.6
DeepSVDD,cifar10,8,10,one-class,0.7524127222222222,0.9539077080649948,,10000,,,0.1,,75.9
DeepSVDD,cifar10,8,10,soft-boundary,0.7575162222222223,0.9550141188903268,,10000,,,0.1,,75.6
DeepSVDD,cifar10,9,1,one-class,0.715171,0.9537137312910096,,10000,,,0.1,,73.1
DeepSVDD,cifar10,9,1,soft-boundary,0.7156283888888889,0.9537558414695464,,10000,,,0.1,,71.0
DeepSVDD,cifar10,9,2,one-class,0.7141141111111111,0.9532733542957968,,10000,,,0.1,,73.1
DeepSVDD,cifar10,9,2,soft-boundary,0.7234655,0.9549341349204642,,10000,,,0.1,,71.0
DeepSVDD,cifar10,9,3,one-class,0.7203386666666666,0.954679191463824,,10000,,,0.1,,73.1
DeepSVDD,cifar10,9,3,soft-boundary,0.7226012222222222,0.954761168026331,,10000,,,0.1,,71.0
DeepSVDD,cifar10,9,4,one-class,0.7068073888888889,0.9502736927654176,,10000,,,0.1,,73.1
DeepSVDD,cifar10,9,4,soft-boundary,0.7091466666666667,0.9509152856379072,,10000,,,0.1,,71.0
DeepSVDD,cifar10,9,5,one-class,0.7146518888888889,0.9530666600513412,,10000,,,0.1,,73.1
DeepSVDD,cifar10,9,5,soft-boundary,0.7268692222222222,0.9558804709000516,,10000,,,0.1,,71.0
DeepSVDD,cifar10,9,6,one-class,0.7102119444444444,0.95199133768744,,10000,,,0.1,,73.1
DeepSVDD,cifar10,9,6,soft-boundary,0.7080517777777777,0.951575347515642,,10000,,,0.1,,71.0
DeepSVDD,cifar10,9,7,one-class,0.7232902777777779,0.9554628607772442,,10000,,,0.1,,73.1
DeepSVDD,cifar10,9,7,soft-boundary,0.7220976666666667,0.9550452264174826,,10000,,,0.1,,71.0
DeepSVDD,cifar10,9,8,one-class,0.7218964444444445,0.9544643100793692,,10000,,,0.1,,73.1
DeepSVDD,cifar10,9,8,soft-boundary,0.7194825555555555,0.9536184340576233,,10000,,,0.1,,71.0
DeepSVDD,cifar10,9,9,one-class,0.702191888888889,0.950544047104615,,10000,,,0.1,,73.1
DeepSVDD,cifar10,9,9,soft-boundary,0.7006843333333334,0.9503289766614176,,10000,,,0.1,,71.0
DeepSVDD,cifar10,9,10,one-class,0.680914111111111,0.945203570490914,,10000,,,0.1,,73.1
DeepSVDD,cifar10,9,10,soft-boundary,0.6982147222222223,0.948585498419657,,10000,,,0.1,,71.0
DROCC,cifar10,0,0,test_selected,0.8132125555555556,0.9711152797388168,,10000,,1.0,,,81.66
DROCC,cifar10,0,0,fixed_final_epoch,0.7425922222222221,0.9521848137358352,,10000,,5.0,,,81.66
DROCC,cifar10,0,1,test_selected,0.8118186666666667,0.9702412753076272,,10000,,2.0,,,81.66
DROCC,cifar10,0,1,fixed_final_epoch,0.7715891111111111,0.961597230673798,,10000,,5.0,,,81.66
DROCC,cifar10,0,2,test_selected,0.8057816666666666,0.9687437470244726,,10000,,3.0,,,81.66
DROCC,cifar10,0,2,fixed_final_epoch,0.7951933333333333,0.966061222265926,,10000,,5.0,,,81.66
DROCC,cifar10,1,0,test_selected,0.7554525000000001,0.965092763169648,,10000,,4.0,,,76.738
DROCC,cifar10,1,0,fixed_final_epoch,0.7447817222222223,0.9627906746792182,,10000,,5.0,,,76.738
DROCC,cifar10,1,1,test_selected,0.7482003333333334,0.964523225100681,,10000,,5.0,,,76.738
DROCC,cifar10,1,1,fixed_final_epoch,0.7482003333333334,0.964523225100681,,10000,,5.0,,,76.738
DROCC,cifar10,1,2,test_selected,0.7055562777777777,0.9551381134956992,,10000,,4.0,,,76.738
DROCC,cifar10,1,2,fixed_final_epoch,0.7015763888888888,0.9545311142519624,,10000,,5.0,,,76.738
DROCC,cifar10,2,0,test_selected,0.702390111111111,0.948231364547141,,10000,,5.0,,,66.664
DROCC,cifar10,2,0,fixed_final_epoch,0.702390111111111,0.948231364547141,,10000,,5.0,,,66.664
DROCC,cifar10,2,1,test_selected,0.6835291666666667,0.9433647058649186,,10000,,1.0,,,66.664
DROCC,cifar10,2,1,fixed_final_epoch,0.6776188333333333,0.9422810282635338,,10000,,5.0,,,66.664
DROCC,cifar10,2,2,test_selected,0.6895901666666667,0.9453895485176144,,10000,,4.0,,,66.664
DROCC,cifar10,2,2,fixed_final_epoch,0.6842097222222222,0.944402507961824,,10000,,5.0,,,66.664
DROCC,cifar10,3,0,test_selected,0.4620872222222222,0.8909719177577514,,10000,,4.0,,,67.132
DROCC,cifar10,3,0,fixed_final_epoch,0.4565334444444445,0.8887940450203691,,10000,,5.0,,,67.132
DROCC,cifar10,3,1,test_selected,0.5803050000000001,0.9221203934271984,,10000,,2.0,,,67.132
DROCC,cifar10,3,1,fixed_final_epoch,0.5802332222222222,0.9219027708922392,,10000,,5.0,,,67.132
DROCC,cifar10,3,2,test_selected,0.5046346666666667,0.8978915287464349,,10000,,3.0,,,67.132
DROCC,cifar10,3,2,fixed_final_epoch,0.5010293888888889,0.8974359525026312,,10000,,5.0,,,67.132
DROCC,cifar10,4,0,test_selected,0.633145111111111,0.937238107611892,,10000,,3.0,,,73.624
DROCC,cifar10,4,0,fixed_final_epoch,0.6268855,0.9360860475805226,,10000,,5.0,,,73.624
DROCC,cifar10,4,1,test_selected,0.7088352222222223,0.951920280723652,,10000,,5.0,,,73.624
DROCC,cifar10,4,1,fixed_final_epoch,0.7088352222222223,0.951920280723652,,10000,,5.0,,,73.624
DROCC,cifar10,4,2,test_selected,0.5948622777777779,0.9287016564672298,,10000,,5.0,,,73.624
DROCC,cifar10,4,2,fixed_final_epoch,0.5948622777777779,0.9287016564672298,,10000,,5.0,,,73.624
DROCC,cifar10,5,0,test_selected,0.6722172777777778,0.9483187258183164,,10000,,3.0,,,74.434
DROCC,cifar10,5,0,fixed_final_epoch,0.6615778888888889,0.9460690592044304,,10000,,5.0,,,74.434
DROCC,cifar10,5,1,test_selected,0.673212,0.9474060996047126,,10000,,5.0,,,74.434
DROCC,cifar10,5,1,fixed_final_epoch,0.673212,0.9474060996047126,,10000,,5.0,,,74.434
DROCC,cifar10,5,2,test_selected,0.6419075,0.9381249350898672,,10000,,2.0,,,74.434
DROCC,cifar10,5,2,fixed_final_epoch,0.6181293333333333,0.9294968132143248,,10000,,5.0,,,74.434
DROCC,cifar10,6,0,test_selected,0.5640413333333333,0.924116460301902,,10000,,4.0,,,74.426
DROCC,cifar10,6,0,fixed_final_epoch,0.5293713333333333,0.916388846681998,,10000,,5.0,,,74.426
DROCC,cifar10,6,1,test_selected,0.6702334444444444,0.9463424506312306,,10000,,3.0,,,74.426
DROCC,cifar10,6,1,fixed_final_epoch,0.6545417777777778,0.9435915637699248,,10000,,5.0,,,74.426
DROCC,cifar10,6,2,test_selected,0.5804015555555555,0.9258541975473434,,10000,,3.0,,,74.426
DROCC,cifar10,6,2,fixed_final_epoch,0.5710738888888889,0.9234420930206736,,10000,,5.0,,,74.426
DROCC,cifar10,7,0,test_selected,0.6015995555555556,0.9297984381587054,,10000,,5.0,,,71.39
DROCC,cifar10,7,0,fixed_final_epoch,0.6015995555555556,0.9297984381587054,,10000,,5.0,,,71.39
DROCC,cifar10,7,1,test_selected,0.6229862222222222,0.9346541058842952,,10000,,4.0,,,71.39
DROCC,cifar10,7,1,fixed_final_epoch,0.6031414444444444,0.9302965023531354,,10000,,5.0,,,71.39
DROCC,cifar10,7,2,test_selected,0.6295663333333333,0.9348347559853816,,10000,,4.0,,,71.39
DROCC,cifar10,7,2,fixed_final_epoch,0.6267097222222222,0.9346723438921836,,10000,,5.0,,,71.39
DROCC,cifar10,8,0,test_selected,0.6280704444444445,0.9409393670419564,,10000,,1.0,,,80.016
DROCC,cifar10,8,0,fixed_final_epoch,0.5291660555555556,0.9190306331755946,,10000,,5.0,,,80.016
DROCC,cifar10,8,1,test_selected,0.5696193888888889,0.9237657912435364,,10000,,3.0,,,80.016
DROCC,cifar10,8,1,fixed_final_epoch,0.5668109444444445,0.923165879402984,,10000,,5.0,,,80.016
DROCC,cifar10,8,2,test_selected,0.5470672777777777,0.9209380536624578,,10000,,3.0,,,80.016
DROCC,cifar10,8,2,fixed_final_epoch,0.5467650555555555,0.9207328958117342,,10000,,5.0,,,80.016
DROCC,cifar10,9,0,test_selected,0.7435524444444443,0.9621160313573852,,10000,,5.0,,,76.21
DROCC,cifar10,9,0,fixed_final_epoch,0.7435524444444443,0.9621160313573852,,10000,,5.0,,,76.21
DROCC,cifar10,9,1,test_selected,0.7407904999999999,0.9630858557418948,,10000,,4.0,,,76.21
DROCC,cifar10,9,1,fixed_final_epoch,0.7382071666666667,0.9626708068732074,,10000,,5.0,,,76.21
DROCC,cifar10,9,2,test_selected,0.7122392222222222,0.9549237192257468,,10000,,5.0,,,76.21
DROCC,cifar10,9,2,fixed_final_epoch,0.7122392222222222,0.9549237192257468,,10000,,5.0,,,76.21
Gaussian_OCSVM_equiv_SVDD,mnist,0,1,nu_0.01,0.9933690259420984,0.9991183212235578,,9000,,,0.01,0.125,98.6
Gaussian_OCSVM_equiv_SVDD,mnist,0,1,nu_0.1,0.9933842326605392,0.9991202593007223,,9000,,,0.1,0.125,98.6
Gaussian_OCSVM_equiv_SVDD,mnist,0,2,nu_0.01,0.9939960364945284,0.999178255389026,,9000,,,0.01,0.125,98.6
Gaussian_OCSVM_equiv_SVDD,mnist,0,2,nu_0.1,0.993991063810449,0.9991771149350503,,9000,,,0.1,0.125,98.6
Gaussian_OCSVM_equiv_SVDD,mnist,0,3,nu_0.01,0.9945874838942074,0.9993060174246344,,9000,,,0.01,0.125,98.6
Gaussian_OCSVM_equiv_SVDD,mnist,0,3,nu_0.1,0.994592887127835,0.9993066533251204,,9000,,,0.1,0.125,98.6
Gaussian_OCSVM_equiv_SVDD,mnist,0,4,nu_0.01,0.9922858475615408,0.9990243137670742,,9000,,,0.01,0.0625,98.6
Gaussian_OCSVM_equiv_SVDD,mnist,0,4,nu_0.1,0.9921174669534064,0.99900229132938,,9000,,,0.1,0.0625,98.6
Gaussian_OCSVM_equiv_SVDD,mnist,0,5,nu_0.01,0.994406377193194,0.9992389882137248,,9000,,,0.01,0.125,98.6
Gaussian_OCSVM_equiv_SVDD,mnist,0,5,nu_0.1,0.9944083071695174,0.9992391368937492,,9000,,,0.1,0.125,98.6
Gaussian_OCSVM_equiv_SVDD,mnist,0,6,nu_0.01,0.9935388907442432,0.9991125757485276,,9000,,,0.01,0.125,98.6
Gaussian_OCSVM_equiv_SVDD,mnist,0,6,nu_0.1,0.993541768560786,0.9991128765655672,,9000,,,0.1,0.125,98.6
Gaussian_OCSVM_equiv_SVDD,mnist,0,7,nu_0.01,0.9940661905911212,0.9991746967596192,,9000,,,0.01,0.125,98.6
Gaussian_OCSVM_equiv_SVDD,mnist,0,7,nu_0.1,0.994053408133162,0.9991729110748226,,9000,,,0.1,0.125,98.6
Gaussian_OCSVM_equiv_SVDD,mnist,0,8,nu_0.01,0.9947599594882932,0.9993026620198664,,9000,,,0.01,0.125,98.6
Gaussian_OCSVM_equiv_SVDD,mnist,0,8,nu_0.1,0.9947553552510836,0.9993019489466676,,9000,,,0.1,0.125,98.6
Gaussian_OCSVM_equiv_SVDD,mnist,0,9,nu_0.01,0.9931136496794272,0.9991444254642764,,9000,,,0.01,0.0625,98.6
Gaussian_OCSVM_equiv_SVDD,mnist,0,9,nu_0.1,0.9929413031346204,0.999123303868362,,9000,,,0.1,0.0625,98.6
Gaussian_OCSVM_equiv_SVDD,mnist,0,10,nu_0.01,0.9935458555670847,0.9991355107790436,,9000,,,0.01,0.125,98.6
Gaussian_OCSVM_equiv_SVDD,mnist,0,10,nu_0.1,0.9935388511561272,0.999134325085953,,9000,,,0.1,0.125,98.6
Gaussian_OCSVM_equiv_SVDD,mnist,1,1,nu_0.01,0.9993246059652364,0.9999023781008765,,9000,,,0.01,0.25,99.5
Gaussian_OCSVM_equiv_SVDD,mnist,1,1,nu_0.1,0.9993496205591164,0.9999074163796376,,9000,,,0.1,0.5,99.5
Gaussian_OCSVM_equiv_SVDD,mnist,1,2,nu_0.01,0.9996679868491476,0.9999566717632492,,9000,,,0.01,0.5,99.5
Gaussian_OCSVM_equiv_SVDD,mnist,1,2,nu_0.1,0.9996681091826592,0.9999566868943404,,9000,,,0.1,0.5,99.5
Gaussian_OCSVM_equiv_SVDD,mnist,1,3,nu_0.01,0.9993951532829626,0.999917149191656,,9000,,,0.01,0.25,99.5
Gaussian_OCSVM_equiv_SVDD,mnist,1,3,nu_0.1,0.9994309350261336,0.9999233663095372,,9000,,,0.1,0.5,99.5
Gaussian_OCSVM_equiv_SVDD,mnist,1,4,nu_0.01,0.9994082307559096,0.999919998501819,,9000,,,0.01,0.5,99.5
Gaussian_OCSVM_equiv_SVDD,mnist,1,4,nu_0.1,0.9994082307559096,0.9999199944302888,,9000,,,0.1,0.5,99.5
Gaussian_OCSVM_equiv_SVDD,mnist,1,5,nu_0.01,0.9995474272882344,0.9999389744891668,,9000,,,0.01,0.5,99.5
Gaussian_OCSVM_equiv_SVDD,mnist,1,5,nu_0.1,0.9995470571360712,0.9999389270660588,,9000,,,0.1,0.5,99.5
Gaussian_OCSVM_equiv_SVDD,mnist,1,6,nu_0.01,0.9994436763349668,0.9999254092576216,,9000,,,0.01,0.5,99.5
Gaussian_OCSVM_equiv_SVDD,mnist,1,6,nu_0.1,0.9994436763349668,0.9999254175174404,,9000,,,0.1,0.5,99.5
Gaussian_OCSVM_equiv_SVDD,mnist,1,7,nu_0.01,0.9996432243586516,0.9999525614414774,,9000,,,0.01,0.5,99.5
Gaussian_OCSVM_equiv_SVDD,mnist,1,7,nu_0.1,0.9996437071403044,0.999952625345781,,9000,,,0.1,0.5,99.5
Gaussian_OCSVM_equiv_SVDD,mnist,1,8,nu_0.01,0.9993946233705784,0.9999191878124254,,9000,,,0.01,0.5,99.5
Gaussian_OCSVM_equiv_SVDD,mnist,1,8,nu_0.1,0.9993943761771812,0.9999191520101528,,9000,,,0.1,0.5,99.5
Gaussian_OCSVM_equiv_SVDD,mnist,1,9,nu_0.01,0.9994241666178272,0.9999229159256722,,9000,,,0.01,0.5,99.5
Gaussian_OCSVM_equiv_SVDD,mnist,1,9,nu_0.1,0.9994239198497182,0.9999228867348386,,9000,,,0.1,0.5,99.5
Gaussian_OCSVM_equiv_SVDD,mnist,1,10,nu_0.01,0.9994047793675832,0.9999181445429772,,9000,,,0.01,0.25,99.5
Gaussian_OCSVM_equiv_SVDD,mnist,1,10,nu_0.1,0.9993488048144008,0.9999101120109416,,9000,,,0.1,0.25,99.5
Gaussian_OCSVM_equiv_SVDD,mnist,2,1,nu_0.01,0.9144208242811638,0.9890399156414538,,9000,,,0.01,0.5,82.5
Gaussian_OCSVM_equiv_SVDD,mnist,2,1,nu_0.1,0.9142419530556792,0.9890173894618428,,9000,,,0.1,0.5,82.5
Gaussian_OCSVM_equiv_SVDD,mnist,2,2,nu_0.01,0.9163255036056184,0.9893594983757062,,9000,,,0.01,0.5,82.5
Gaussian_OCSVM_equiv_SVDD,mnist,2,2,nu_0.1,0.9160095199388884,0.9893205082217028,,9000,,,0.1,0.5,82.5
Gaussian_OCSVM_equiv_SVDD,mnist,2,3,nu_0.01,0.9144309869288884,0.9890910898221352,,9000,,,0.01,0.5,82.5
Gaussian_OCSVM_equiv_SVDD,mnist,2,3,nu_0.1,0.9142952792101372,0.9890736663434628,,9000,,,0.1,0.5,82.5
Gaussian_OCSVM_equiv_SVDD,mnist,2,4,nu_0.01,0.915854844346672,0.9892208661930192,,9000,,,0.01,0.5,82.5
Gaussian_OCSVM_equiv_SVDD,mnist,2,4,nu_0.1,0.9156498116379246,0.9891957113346482,,9000,,,0.1,0.5,82.5
Gaussian_OCSVM_equiv_SVDD,mnist,2,5,nu_0.01,0.9138973812059824,0.9890846891503948,,9000,,,0.01,0.5,82.5
Gaussian_OCSVM_equiv_SVDD,mnist,2,5,nu_0.1,0.9136726584149796,0.989056491509218,,9000,,,0.1,0.5,82.5
Gaussian_OCSVM_equiv_SVDD,mnist,2,6,nu_0.01,0.914352648289168,0.9891715596588672,,9000,,,0.01,0.5,82.5
Gaussian_OCSVM_equiv_SVDD,mnist,2,6,nu_0.1,0.9140281177254524,0.9891319779564712,,9000,,,0.1,0.5,82.5
Gaussian_OCSVM_equiv_SVDD,mnist,2,7,nu_0.01,0.9133845271225453,0.988997923227672,,9000,,,0.01,0.5,82.5
Gaussian_OCSVM_equiv_SVDD,mnist,2,7,nu_0.1,0.91313523372212,0.9889684356042224,,9000,,,0.1,0.5,82.5
Gaussian_OCSVM_equiv_SVDD,mnist,2,8,nu_0.01,0.915499883455144,0.9889964077579316,,9000,,,0.01,0.5,82.5
Gaussian_OCSVM_equiv_SVDD,mnist,2,8,nu_0.1,0.915361697390785,0.988977363243503,,9000,,,0.1,0.5,82.5
Gaussian_OCSVM_equiv_SVDD,mnist,2,9,nu_0.01,0.9140614979675438,0.9892323169193518,,9000,,,0.01,0.5,82.5
Gaussian_OCSVM_equiv_SVDD,mnist,2,9,nu_0.1,0.9138220428957756,0.989204141379366,,9000,,,0.1,0.5,82.5
Gaussian_OCSVM_equiv_SVDD,mnist,2,10,nu_0.01,0.9140591651375614,0.9888250394260648,,9000,,,0.01,0.5,82.5
Gaussian_OCSVM_equiv_SVDD,mnist,2,10,nu_0.1,0.9137743257346184,0.9887882561455618,,9000,,,0.1,0.5,82.5
Gaussian_OCSVM_equiv_SVDD,mnist,3,1,nu_0.01,0.933940351203196,0.9909147958266868,,9000,,,0.01,0.125,88.1
Gaussian_OCSVM_equiv_SVDD,mnist,3,1,nu_0.1,0.9339909930446468,0.9909194093822182,,9000,,,0.1,0.125,88.1
Gaussian_OCSVM_equiv_SVDD,mnist,3,2,nu_0.01,0.9348551656160932,0.9913309192929066,,9000,,,0.01,0.125,88.1
Gaussian_OCSVM_equiv_SVDD,mnist,3,2,nu_0.1,0.9348368308410218,0.9913273260983416,,9000,,,0.1,0.125,88.1
Gaussian_OCSVM_equiv_SVDD,mnist,3,3,nu_0.01,0.9325061863189252,0.9908871026624748,,9000,,,0.01,0.125,88.1
Gaussian_OCSVM_equiv_SVDD,mnist,3,3,nu_0.1,0.9325100424393598,0.9908877345732774,,9000,,,0.1,0.125,88.1
Gaussian_OCSVM_equiv_SVDD,mnist,3,4,nu_0.01,0.934793774214378,0.9909502337569416,,9000,,,0.01,0.125,88.1
Gaussian_OCSVM_equiv_SVDD,mnist,3,4,nu_0.1,0.9347836848902282,0.990947723677468,,9000,,,0.1,0.125,88.1
Gaussian_OCSVM_equiv_SVDD,mnist,3,5,nu_0.01,0.9330776475219348,0.9909989797319148,,9000,,,0.01,0.125,88.1
Gaussian_OCSVM_equiv_SVDD,mnist,3,5,nu_0.1,0.9330667893049588,0.9909952243512232,,9000,,,0.1,0.125,88.1
Gaussian_OCSVM_equiv_SVDD,mnist,3,6,nu_0.01,0.9291504432714144,0.990655943253982,,9000,,,0.01,0.5,88.1
Gaussian_OCSVM_equiv_SVDD,mnist,3,6,nu_0.1,0.9290757634358884,0.9906445500260314,,9000,,,0.1,0.5,88.1
Gaussian_OCSVM_equiv_SVDD,mnist,3,7,nu_0.01,0.9270679173408676,0.9904072697190502,,9000,,,0.01,0.5,88.1
Gaussian_OCSVM_equiv_SVDD,mnist,3,7,nu_0.1,0.9268513513568422,0.9903790831412852,,9000,,,0.1,0.5,88.1
Gaussian_OCSVM_equiv_SVDD,mnist,3,8,nu_0.01,0.9324475048576856,0.9908618695572624,,9000,,,0.01,0.125,88.1
Gaussian_OCSVM_equiv_SVDD,mnist,3,8,nu_0.1,0.9324254415975226,0.9908582940542596,,9000,,,0.1,0.125,88.1
Gaussian_OCSVM_equiv_SVDD,mnist,3,9,nu_0.01,0.9327287648278424,0.9908392963121108,,9000,,,0.01,0.125,88.1
Gaussian_OCSVM_equiv_SVDD,mnist,3,9,nu_0.1,0.9326661724734372,0.9908310771372068,,9000,,,0.1,0.125,88.1
Gaussian_OCSVM_equiv_SVDD,mnist,3,10,nu_0.01,0.9330391250355016,0.9907945205233464,,9000,,,0.01,0.125,88.1
Gaussian_OCSVM_equiv_SVDD,mnist,3,10,nu_0.1,0.9330517208056796,0.9907960004785856,,9000,,,0.1,0.125,88.1
Gaussian_OCSVM_equiv_SVDD,mnist,4,1,nu_0.01,0.9600514736545616,0.9952649267096548,,9000,,,0.01,0.0625,94.9
Gaussian_OCSVM_equiv_SVDD,mnist,4,1,nu_0.1,0.9590788884098154,0.9951022605002636,,9000,,,0.1,0.0625,94.9
Gaussian_OCSVM_equiv_SVDD,mnist,4,2,nu_0.01,0.9593355351545008,0.9952483208190618,,9000,,,0.01,0.0625,94.9
Gaussian_OCSVM_equiv_SVDD,mnist,4,2,nu_0.1,0.9585305642633228,0.9951129927240212,,9000,,,0.1,0.0625,94.9
Gaussian_OCSVM_equiv_SVDD,mnist,4,3,nu_0.01,0.959347240391647,0.9951751098008298,,9000,,,0.01,0.0625,94.9
Gaussian_OCSVM_equiv_SVDD,mnist,4,3,nu_0.1,0.9584636897579272,0.9950237875695602,,9000,,,0.1,0.0625,94.9
Gaussian_OCSVM_equiv_SVDD,mnist,4,4,nu_0.01,0.958583338271443,0.9951353239094094,,9000,,,0.01,0.0625,94.9
Gaussian_OCSVM_equiv_SVDD,mnist,4,4,nu_0.1,0.9576796291696734,0.9949823420842216,,9000,,,0.1,0.0625,94.9
Gaussian_OCSVM_equiv_SVDD,mnist,4,5,nu_0.01,0.9598270414811024,0.9952963419882066,,9000,,,0.01,0.0625,94.9
Gaussian_OCSVM_equiv_SVDD,mnist,4,5,nu_0.1,0.959052773893832,0.995162429033684,,9000,,,0.1,0.0625,94.9
Gaussian_OCSVM_equiv_SVDD,mnist,4,6,nu_0.01,0.9602226984739378,0.9953148404892966,,9000,,,0.01,0.0625,94.9
Gaussian_OCSVM_equiv_SVDD,mnist,4,6,nu_0.1,0.9594137271999448,0.9951835717718328,,9000,,,0.1,0.0625,94.9
Gaussian_OCSVM_equiv_SVDD,mnist,4,7,nu_0.01,0.9610662554934613,0.9955214505033476,,9000,,,0.01,0.0625,94.9
Gaussian_OCSVM_equiv_SVDD,mnist,4,7,nu_0.1,0.960227234777295,0.9953825532045204,,9000,,,0.1,0.0625,94.9
Gaussian_OCSVM_equiv_SVDD,mnist,4,8,nu_0.01,0.9602858383752334,0.9953358846453866,,9000,,,0.01,0.0625,94.9
Gaussian_OCSVM_equiv_SVDD,mnist,4,8,nu_0.1,0.95937553661947,0.9951887461389356,,9000,,,0.1,0.0625,94.9
Gaussian_OCSVM_equiv_SVDD,mnist,4,9,nu_0.01,0.9600361976758088,0.9953480186418772,,9000,,,0.01,0.0625,94.9
Gaussian_OCSVM_equiv_SVDD,mnist,4,9,nu_0.1,0.9590183822077764,0.9951891123835672,,9000,,,0.1,0.0625,94.9
Gaussian_OCSVM_equiv_SVDD,mnist,4,10,nu_0.01,0.9602550146091788,0.9954248301334868,,9000,,,0.01,0.0625,94.9
Gaussian_OCSVM_equiv_SVDD,mnist,4,10,nu_0.1,0.9594401193668524,0.9952946916175104,,9000,,,0.1,0.0625,94.9
Gaussian_OCSVM_equiv_SVDD,mnist,5,1,nu_0.01,0.9488283742948072,0.9939057595064202,,9000,,,0.01,0.5,77.1
Gaussian_OCSVM_equiv_SVDD,mnist,5,1,nu_0.1,0.948714150218501,0.993892782817504,,9000,,,0.1,0.5,77.1
Gaussian_OCSVM_equiv_SVDD,mnist,5,2,nu_0.01,0.950150308714972,0.9941014039852476,,9000,,,0.01,0.5,77.1
Gaussian_OCSVM_equiv_SVDD,mnist,5,2,nu_0.1,0.9499507730555355,0.9940801312235992,,9000,,,0.1,0.5,77.1
Gaussian_OCSVM_equiv_SVDD,mnist,5,3,nu_0.01,0.9489514118759684,0.9939850120335538,,9000,,,0.01,0.5,77.1
Gaussian_OCSVM_equiv_SVDD,mnist,5,3,nu_0.1,0.9488128329584106,0.9939690593477506,,9000,,,0.1,0.5,77.1
Gaussian_OCSVM_equiv_SVDD,mnist,5,4,nu_0.01,0.9509519653804104,0.9941892753262512,,9000,,,0.01,0.5,77.1
Gaussian_OCSVM_equiv_SVDD,mnist,5,4,nu_0.1,0.9507415820702696,0.9941643623481942,,9000,,,0.1,0.5,77.1
Gaussian_OCSVM_equiv_SVDD,mnist,5,5,nu_0.01,0.9502127521117129,0.9941360917873694,,9000,,,0.01,0.5,77.1
Gaussian_OCSVM_equiv_SVDD,mnist,5,5,nu_0.1,0.9500783048098368,0.9941182357773328,,9000,,,0.1,0.5,77.1
Gaussian_OCSVM_equiv_SVDD,mnist,5,6,nu_0.01,0.9504450356397136,0.9942031620606342,,9000,,,0.01,0.5,77.1
Gaussian_OCSVM_equiv_SVDD,mnist,5,6,nu_0.1,0.9502981970515728,0.9941862357472058,,9000,,,0.1,0.5,77.1
Gaussian_OCSVM_equiv_SVDD,mnist,5,7,nu_0.01,0.9499082220526974,0.993957187491946,,9000,,,0.01,0.5,77.1
Gaussian_OCSVM_equiv_SVDD,mnist,5,7,nu_0.1,0.9497441287381988,0.9939371805521284,,9000,,,0.1,0.5,77.1
Gaussian_OCSVM_equiv_SVDD,mnist,5,8,nu_0.01,0.9506132532465256,0.9940694655795796,,9000,,,0.01,0.5,77.1
Gaussian_OCSVM_equiv_SVDD,mnist,5,8,nu_0.1,0.9504383874609532,0.9940474151867138,,9000,,,0.1,0.5,77.1
Gaussian_OCSVM_equiv_SVDD,mnist,5,9,nu_0.01,0.9499833841463414,0.9940574240420184,,9000,,,0.01,0.5,77.1
Gaussian_OCSVM_equiv_SVDD,mnist,5,9,nu_0.1,0.9497961890243904,0.9940354230337258,,9000,,,0.1,0.5,77.1
Gaussian_OCSVM_equiv_SVDD,mnist,5,10,nu_0.01,0.9499936683882726,0.9939794451374256,,9000,,,0.01,0.5,77.1
Gaussian_OCSVM_equiv_SVDD,mnist,5,10,nu_0.1,0.9498122274339024,0.9939569332434164,,9000,,,0.1,0.5,77.1
Gaussian_OCSVM_equiv_SVDD,mnist,6,1,nu_0.01,0.9796293756770652,0.9974342666710648,,9000,,,0.01,0.125,96.5
Gaussian_OCSVM_equiv_SVDD,mnist,6,1,nu_0.1,0.9795956658648992,0.9974297487118172,,9000,,,0.1,0.125,96.5
Gaussian_OCSVM_equiv_SVDD,mnist,6,2,nu_0.01,0.9791022863977912,0.9974476615920768,,9000,,,0.01,0.125,96.5
Gaussian_OCSVM_equiv_SVDD,mnist,6,2,nu_0.1,0.979042880479874,0.9974404469009284,,9000,,,0.1,0.125,96.5
Gaussian_OCSVM_equiv_SVDD,mnist,6,3,nu_0.01,0.9799518572002106,0.9974340889004424,,9000,,,0.01,0.125,96.5
Gaussian_OCSVM_equiv_SVDD,mnist,6,3,nu_0.1,0.9798610003003956,0.997423286725114,,9000,,,0.1,0.125,96.5
Gaussian_OCSVM_equiv_SVDD,mnist,6,4,nu_0.01,0.9800386475933114,0.9974173278199864,,9000,,,0.01,0.125,96.5
Gaussian_OCSVM_equiv_SVDD,mnist,6,4,nu_0.1,0.97999865955593,0.9974124748992588,,9000,,,0.1,0.125,96.5
Gaussian_OCSVM_equiv_SVDD,mnist,6,5,nu_0.01,0.9802428899638336,0.9975265336956792,,9000,,,0.01,0.125,96.5
Gaussian_OCSVM_equiv_SVDD,mnist,6,5,nu_0.1,0.9802481919240827,0.9975272015518688,,9000,,,0.1,0.125,96.5
Gaussian_OCSVM_equiv_SVDD,mnist,6,6,nu_0.01,0.9776205724512912,0.9974828270797677,,9000,,,0.01,0.5,96.5
Gaussian_OCSVM_equiv_SVDD,mnist,6,6,nu_0.1,0.9775186150843422,0.9974725021733368,,9000,,,0.1,0.5,96.5
Gaussian_OCSVM_equiv_SVDD,mnist,6,7,nu_0.01,0.9774795579768404,0.9974044567136312,,9000,,,0.01,0.5,96.5
Gaussian_OCSVM_equiv_SVDD,mnist,6,7,nu_0.1,0.9773363878168638,0.9973892727302088,,9000,,,0.1,0.5,96.5
Gaussian_OCSVM_equiv_SVDD,mnist,6,8,nu_0.01,0.976889976874613,0.9972682229636886,,9000,,,0.01,0.25,96.5
Gaussian_OCSVM_equiv_SVDD,mnist,6,8,nu_0.1,0.9766643564040932,0.9972422612518276,,9000,,,0.1,0.25,96.5
Gaussian_OCSVM_equiv_SVDD,mnist,6,9,nu_0.01,0.9790402483447086,0.997303531391806,,9000,,,0.01,0.125,96.5
Gaussian_OCSVM_equiv_SVDD,mnist,6,9,nu_0.1,0.9789883965264382,0.9972967071264542,,9000,,,0.1,0.125,96.5
Gaussian_OCSVM_equiv_SVDD,mnist,6,10,nu_0.01,0.9795287121253504,0.9974632130225792,,9000,,,0.01,0.125,96.5
Gaussian_OCSVM_equiv_SVDD,mnist,6,10,nu_0.1,0.9795144863705888,0.9974615416454954,,9000,,,0.1,0.125,96.5
Gaussian_OCSVM_equiv_SVDD,mnist,7,1,nu_0.01,0.9556087196529082,0.9945396260428238,,9000,,,0.01,0.25,93.7
Gaussian_OCSVM_equiv_SVDD,mnist,7,1,nu_0.1,0.955636593905088,0.9945429026828424,,9000,,,0.1,0.25,93.7
Gaussian_OCSVM_equiv_SVDD,mnist,7,2,nu_0.01,0.9565167905214744,0.9947283367643904,,9000,,,0.01,0.25,93.7
Gaussian_OCSVM_equiv_SVDD,mnist,7,2,nu_0.1,0.9565480161264706,0.994731564400442,,9000,,,0.1,0.25,93.7
Gaussian_OCSVM_equiv_SVDD,mnist,7,3,nu_0.01,0.9565834254843908,0.9947022047955854,,9000,,,0.01,0.25,93.7
Gaussian_OCSVM_equiv_SVDD,mnist,7,3,nu_0.1,0.9565522758312526,0.9946987957647176,,9000,,,0.1,0.25,93.7
Gaussian_OCSVM_equiv_SVDD,mnist,7,4,nu_0.01,0.95429108777747,0.9943746517822742,,9000,,,0.01,0.125,93.7
Gaussian_OCSVM_equiv_SVDD,mnist,7,4,nu_0.1,0.9542671654867466,0.9943718223222217,,9000,,,0.1,0.125,93.7
Gaussian_OCSVM_equiv_SVDD,mnist,7,5,nu_0.01,0.9575268239436858,0.9948624639246728,,9000,,,0.01,0.25,93.7
Gaussian_OCSVM_equiv_SVDD,mnist,7,5,nu_0.1,0.9575241204281018,0.9948624275979604,,9000,,,0.1,0.25,93.7
Gaussian_OCSVM_equiv_SVDD,mnist,7,6,nu_0.01,0.9568220605071598,0.994697358219972,,9000,,,0.01,0.25,93.7
Gaussian_OCSVM_equiv_SVDD,mnist,7,6,nu_0.1,0.9568294028314138,0.9946983795732304,,9000,,,0.1,0.25,93.7
Gaussian_OCSVM_equiv_SVDD,mnist,7,7,nu_0.01,0.9579308782612672,0.9949293451610564,,9000,,,0.01,0.25,93.7
Gaussian_OCSVM_equiv_SVDD,mnist,7,7,nu_0.1,0.9579507106679864,0.99493178774492,,9000,,,0.1,0.25,93.7
Gaussian_OCSVM_equiv_SVDD,mnist,7,8,nu_0.01,0.956501383941592,0.9946055011922168,,9000,,,0.01,0.125,93.7
Gaussian_OCSVM_equiv_SVDD,mnist,7,8,nu_0.1,0.9564832801512304,0.9946031678028798,,9000,,,0.1,0.125,93.7
Gaussian_OCSVM_equiv_SVDD,mnist,7,9,nu_0.01,0.9580886329070384,0.994946646929148,,9000,,,0.01,0.25,93.7
Gaussian_OCSVM_equiv_SVDD,mnist,7,9,nu_0.1,0.9580239365673956,0.9949393335914998,,9000,,,0.1,0.25,93.7
Gaussian_OCSVM_equiv_SVDD,mnist,7,10,nu_0.01,0.9564987408483864,0.9946345359169227,,9000,,,0.01,0.25,93.7
Gaussian_OCSVM_equiv_SVDD,mnist,7,10,nu_0.1,0.95650179381983,0.9946347654333711,,9000,,,0.1,0.25,93.7
Gaussian_OCSVM_equiv_SVDD,mnist,8,1,nu_0.01,0.9038061670338168,0.9870082949127528,,9000,,,0.01,0.03125,88.9
Gaussian_OCSVM_equiv_SVDD,mnist,8,1,nu_0.1,0.9136460362102377,0.9877658323662616,,9000,,,0.1,0.0625,88.9
Gaussian_OCSVM_equiv_SVDD,mnist,8,2,nu_0.01,0.9023044082323504,0.9867426000490596,,9000,,,0.01,0.03125,88.9
Gaussian_OCSVM_equiv_SVDD,mnist,8,2,nu_0.1,0.913004777852398,0.9875781806008352,,9000,,,0.1,0.0625,88.9
Gaussian_OCSVM_equiv_SVDD,mnist,8,3,nu_0.01,0.9135017561266108,0.987743597502346,,9000,,,0.01,0.0625,88.9
Gaussian_OCSVM_equiv_SVDD,mnist,8,3,nu_0.1,0.9131863963455136,0.9876672035933936,,9000,,,0.1,0.0625,88.9
Gaussian_OCSVM_equiv_SVDD,mnist,8,4,nu_0.01,0.9026391259854096,0.9869855882296376,,9000,,,0.01,0.03125,88.9
Gaussian_OCSVM_equiv_SVDD,mnist,8,4,nu_0.1,0.9065792148940232,0.9868110930744902,,9000,,,0.1,0.03125,88.9
Gaussian_OCSVM_equiv_SVDD,mnist,8,5,nu_0.01,0.9054862490274308,0.9874571064741856,,9000,,,0.01,0.03125,88.9
Gaussian_OCSVM_equiv_SVDD,mnist,8,5,nu_0.1,0.9056728401860228,0.9866828040008556,,9000,,,0.1,0.03125,88.9
Gaussian_OCSVM_equiv_SVDD,mnist,8,6,nu_0.01,0.91156481000231,0.9873558454459116,,9000,,,0.01,0.0625,88.9
Gaussian_OCSVM_equiv_SVDD,mnist,8,6,nu_0.1,0.9112431588393126,0.9872764261899268,,9000,,,0.1,0.0625,88.9
Gaussian_OCSVM_equiv_SVDD,mnist,8,7,nu_0.01,0.9108914459955924,0.9873615219322368,,9000,,,0.01,0.0625,88.9
Gaussian_OCSVM_equiv_SVDD,mnist,8,7,nu_0.1,0.9105428178950412,0.9872760275926572,,9000,,,0.1,0.0625,88.9
Gaussian_OCSVM_equiv_SVDD,mnist,8,8,nu_0.01,0.9167280259009488,0.9885750155308743,,9000,,,0.01,0.0625,88.9
Gaussian_OCSVM_equiv_SVDD,mnist,8,8,nu_0.1,0.9165019581230296,0.9885115337225794,,9000,,,0.1,0.0625,88.9
Gaussian_OCSVM_equiv_SVDD,mnist,8,9,nu_0.01,0.912591483511522,0.9876849751065088,,9000,,,0.01,0.0625,88.9
Gaussian_OCSVM_equiv_SVDD,mnist,8,9,nu_0.1,0.912197556978256,0.987592564916074,,9000,,,0.1,0.0625,88.9
Gaussian_OCSVM_equiv_SVDD,mnist,8,10,nu_0.01,0.9142041202791652,0.9875612025924588,,9000,,,0.01,0.0625,88.9
Gaussian_OCSVM_equiv_SVDD,mnist,8,10,nu_0.1,0.9076136658030642,0.9865076623962196,,9000,,,0.1,0.03125,88.9
Gaussian_OCSVM_equiv_SVDD,mnist,9,1,nu_0.01,0.9546426141218564,0.9929598781893504,,9000,,,0.01,0.125,93.1
Gaussian_OCSVM_equiv_SVDD,mnist,9,1,nu_0.1,0.954644359576558,0.9929603188888688,,9000,,,0.1,0.125,93.1
Gaussian_OCSVM_equiv_SVDD,mnist,9,2,nu_0.01,0.9564895194159628,0.9937945673141276,,9000,,,0.01,0.5,93.1
Gaussian_OCSVM_equiv_SVDD,mnist,9,2,nu_0.1,0.956367757644079,0.9937793336004817,,9000,,,0.1,0.5,93.1
Gaussian_OCSVM_equiv_SVDD,mnist,9,3,nu_0.01,0.9557786008230452,0.9939473084845134,,9000,,,0.01,0.5,93.1
Gaussian_OCSVM_equiv_SVDD,mnist,9,3,nu_0.1,0.9556316872427985,0.9939284621172546,,9000,,,0.1,0.5,93.1
Gaussian_OCSVM_equiv_SVDD,mnist,9,4,nu_0.01,0.9543782015891374,0.9936823859024364,,9000,,,0.01,0.5,93.1
Gaussian_OCSVM_equiv_SVDD,mnist,9,4,nu_0.1,0.9542617517419884,0.9936680832978522,,9000,,,0.1,0.5,93.1
Gaussian_OCSVM_equiv_SVDD,mnist,9,5,nu_0.01,0.957837274153192,0.994175889880939,,9000,,,0.01,0.5,93.1
Gaussian_OCSVM_equiv_SVDD,mnist,9,5,nu_0.1,0.9576714909263068,0.9941527887464532,,9000,,,0.1,0.5,93.1
Gaussian_OCSVM_equiv_SVDD,mnist,9,6,nu_0.01,0.9540417519690418,0.9928988399367744,,9000,,,0.01,0.125,93.1
Gaussian_OCSVM_equiv_SVDD,mnist,9,6,nu_0.1,0.9540262517167548,0.9928971637920392,,9000,,,0.1,0.125,93.1
Gaussian_OCSVM_equiv_SVDD,mnist,9,7,nu_0.01,0.9558097546758292,0.9937684332890264,,9000,,,0.01,0.5,93.1
Gaussian_OCSVM_equiv_SVDD,mnist,9,7,nu_0.1,0.9556602660077678,0.9937501670049708,,9000,,,0.1,0.5,93.1
Gaussian_OCSVM_equiv_SVDD,mnist,9,8,nu_0.01,0.953748190956312,0.9930883055796832,,9000,,,0.01,0.125,93.1
Gaussian_OCSVM_equiv_SVDD,mnist,9,8,nu_0.1,0.9537449117230404,0.993087398157547,,9000,,,0.1,0.125,93.1
Gaussian_OCSVM_equiv_SVDD,mnist,9,9,nu_0.01,0.9550539119508908,0.9936241219532734,,9000,,,0.01,0.5,93.1
Gaussian_OCSVM_equiv_SVDD,mnist,9,9,nu_0.1,0.9549553755163636,0.9936094479877352,,9000,,,0.1,0.5,93.1
Gaussian_OCSVM_equiv_SVDD,mnist,9,10,nu_0.01,0.9566149072896776,0.9940250781130708,,9000,,,0.01,0.5,93.1
Gaussian_OCSVM_equiv_SVDD,mnist,9,10,nu_0.1,0.956469676663443,0.99400796015633,,9000,,,0.1,0.5,93.1
Gaussian_OCSVM_equiv_SVDD,cifar10,0,1,nu_0.01,0.6958293697307961,0.9479522336381576,,9000,,,0.01,0.25,61.6
Gaussian_OCSVM_equiv_SVDD,cifar10,0,1,nu_0.1,0.6957524851839811,0.947918066612206,,9000,,,0.1,0.25,61.6
Gaussian_OCSVM_equiv_SVDD,cifar10,0,2,nu_0.01,0.6995833536321161,0.9470087284977404,,9000,,,0.01,0.125,61.6
Gaussian_OCSVM_equiv_SVDD,cifar10,0,2,nu_0.1,0.6993651445452003,0.946965448667814,,9000,,,0.1,0.125,61.6
Gaussian_OCSVM_equiv_SVDD,cifar10,0,3,nu_0.01,0.6981298577148478,0.9483362291421588,,9000,,,0.01,0.25,61.6
Gaussian_OCSVM_equiv_SVDD,cifar10,0,3,nu_0.1,0.6979708086839663,0.9482827375699978,,9000,,,0.1,0.25,61.6
Gaussian_OCSVM_equiv_SVDD,cifar10,0,4,nu_0.01,0.697785673166147,0.948361708222594,,9000,,,0.01,0.25,61.6
Gaussian_OCSVM_equiv_SVDD,cifar10,0,4,nu_0.1,0.6977050982300004,0.948397013995174,,9000,,,0.1,0.25,61.6
Gaussian_OCSVM_equiv_SVDD,cifar10,0,5,nu_0.01,0.7025610915660359,0.94813877695973,,9000,,,0.01,0.25,61.6
Gaussian_OCSVM_equiv_SVDD,cifar10,0,5,nu_0.1,0.7025231937407462,0.9482027101666362,,9000,,,0.1,0.25,61.6
Gaussian_OCSVM_equiv_SVDD,cifar10,0,6,nu_0.01,0.7014265621174227,0.9483425295288312,,9000,,,0.01,0.25,61.6
Gaussian_OCSVM_equiv_SVDD,cifar10,0,6,nu_0.1,0.7012949828824023,0.9482857232468812,,9000,,,0.1,0.25,61.6
Gaussian_OCSVM_equiv_SVDD,cifar10,0,7,nu_0.01,0.6981432174078934,0.9482250060750036,,9000,,,0.01,0.25,61.6
Gaussian_OCSVM_equiv_SVDD,cifar10,0,7,nu_0.1,0.6980441189972615,0.9481778896295988,,9000,,,0.1,0.25,61.6
Gaussian_OCSVM_equiv_SVDD,cifar10,0,8,nu_0.01,0.7056973634990786,0.9505615727559672,,9000,,,0.01,0.25,61.6
Gaussian_OCSVM_equiv_SVDD,cifar10,0,8,nu_0.1,0.7055302096177558,0.9505065849976674,,9000,,,0.1,0.25,61.6
Gaussian_OCSVM_equiv_SVDD,cifar10,0,9,nu_0.01,0.6964929878693812,0.946998168130102,,9000,,,0.01,0.125,61.6
Gaussian_OCSVM_equiv_SVDD,cifar10,0,9,nu_0.1,0.6962728349093932,0.9469600672681444,,9000,,,0.1,0.125,61.6
Gaussian_OCSVM_equiv_SVDD,cifar10,0,10,nu_0.01,0.7035445737039175,0.9499674761327104,,9000,,,0.01,0.25,61.6
Gaussian_OCSVM_equiv_SVDD,cifar10,0,10,nu_0.1,0.7034614325314612,0.9500120964770542,,9000,,,0.1,0.25,61.6
Gaussian_OCSVM_equiv_SVDD,cifar10,1,1,nu_0.01,0.4687187851162036,0.9055945045948082,,9000,,,0.01,0.125,63.8
Gaussian_OCSVM_equiv_SVDD,cifar10,1,1,nu_0.1,0.4685194112373788,0.9055314234426576,,9000,,,0.1,0.125,63.8
Gaussian_OCSVM_equiv_SVDD,cifar10,1,2,nu_0.01,0.4618944918354112,0.9021500791154008,,9000,,,0.01,0.0625,63.8
Gaussian_OCSVM_equiv_SVDD,cifar10,1,2,nu_0.1,0.4619483655962977,0.9021407370699466,,9000,,,0.1,0.0625,63.8
Gaussian_OCSVM_equiv_SVDD,cifar10,1,3,nu_0.01,0.467037296166475,0.9046026452640126,,9000,,,0.01,0.125,63.8
Gaussian_OCSVM_equiv_SVDD,cifar10,1,3,nu_0.1,0.4668981282644536,0.9045585108347692,,9000,,,0.1,0.125,63.8
Gaussian_OCSVM_equiv_SVDD,cifar10,1,4,nu_0.01,0.4711314288155109,0.895325843400666,,9000,,,0.01,0.5,63.8
Gaussian_OCSVM_equiv_SVDD,cifar10,1,4,nu_0.1,0.4708394313489755,0.8952592228032543,,9000,,,0.1,0.5,63.8
Gaussian_OCSVM_equiv_SVDD,cifar10,1,5,nu_0.01,0.465866488270691,0.8995863497975285,,9000,,,0.01,0.25,63.8
Gaussian_OCSVM_equiv_SVDD,cifar10,1,5,nu_0.1,0.4659461552044988,0.8997440998411195,,9000,,,0.1,0.25,63.8
Gaussian_OCSVM_equiv_SVDD,cifar10,1,6,nu_0.01,0.4706255847966,0.8934364758751997,,9000,,,0.01,0.5,63.8
Gaussian_OCSVM_equiv_SVDD,cifar10,1,6,nu_0.1,0.4696271265827766,0.9013512161882826,,9000,,,0.1,0.25,63.8
Gaussian_OCSVM_equiv_SVDD,cifar10,1,7,nu_0.01,0.4708754444309442,0.9019167620989028,,9000,,,0.01,0.25,63.8
Gaussian_OCSVM_equiv_SVDD,cifar10,1,7,nu_0.1,0.4709764670825592,0.902094206032778,,9000,,,0.1,0.25,63.8
Gaussian_OCSVM_equiv_SVDD,cifar10,1,8,nu_0.01,0.4618131312431593,0.903981589854532,,9000,,,0.01,0.0625,63.8
Gaussian_OCSVM_equiv_SVDD,cifar10,1,8,nu_0.1,0.4619466880948752,0.903980215142292,,9000,,,0.1,0.0625,63.8
Gaussian_OCSVM_equiv_SVDD,cifar10,1,9,nu_0.01,0.4730393682808901,0.8935467438001723,,9000,,,0.01,0.5,63.8
Gaussian_OCSVM_equiv_SVDD,cifar10,1,9,nu_0.1,0.47245063621617,0.8934182811947611,,9000,,,0.1,0.5,63.8
Gaussian_OCSVM_equiv_SVDD,cifar10,1,10,nu_0.01,0.4706982771309229,0.8958156365023368,,9000,,,0.01,0.5,63.8
Gaussian_OCSVM_equiv_SVDD,cifar10,1,10,nu_0.1,0.470355537578416,0.8957394588590565,,9000,,,0.1,0.5,63.8
Gaussian_OCSVM_equiv_SVDD,cifar10,2,1,nu_0.01,0.6825058521527465,0.9433946758425388,,9000,,,0.01,0.25,50.0
Gaussian_OCSVM_equiv_SVDD,cifar10,2,1,nu_0.1,0.6824978938063166,0.9433172341530542,,9000,,,0.1,0.25,50.0
Gaussian_OCSVM_equiv_SVDD,cifar10,2,2,nu_0.01,0.6883324225456126,0.9433826731666164,,9000,,,0.01,0.25,50.0
Gaussian_OCSVM_equiv_SVDD,cifar10,2,2,nu_0.1,0.688274884826177,0.9432725055222786,,9000,,,0.1,0.25,50.0
Gaussian_OCSVM_equiv_SVDD,cifar10,2,3,nu_0.01,0.6886092907909503,0.9449131349187688,,9000,,,0.01,0.25,50.0
Gaussian_OCSVM_equiv_SVDD,cifar10,2,3,nu_0.1,0.688568420177614,0.944823445025952,,9000,,,0.1,0.25,50.0
Gaussian_OCSVM_equiv_SVDD,cifar10,2,4,nu_0.01,0.693636549345769,0.9464263675362138,,9000,,,0.01,0.25,50.0
Gaussian_OCSVM_equiv_SVDD,cifar10,2,4,nu_0.1,0.6936538847451121,0.946361141221439,,9000,,,0.1,0.25,50.0
Gaussian_OCSVM_equiv_SVDD,cifar10,2,5,nu_0.01,0.6871036009725751,0.9430212106632988,,9000,,,0.01,0.25,50.0
Gaussian_OCSVM_equiv_SVDD,cifar10,2,5,nu_0.1,0.6871146714842635,0.9429769950316962,,9000,,,0.1,0.25,50.0
Gaussian_OCSVM_equiv_SVDD,cifar10,2,6,nu_0.01,0.6915941227395153,0.9445126227700942,,9000,,,0.01,0.25,50.0
Gaussian_OCSVM_equiv_SVDD,cifar10,2,6,nu_0.1,0.6915877692250515,0.944430336089422,,9000,,,0.1,0.25,50.0
Gaussian_OCSVM_equiv_SVDD,cifar10,2,7,nu_0.01,0.6873911085772217,0.9440284075533332,,9000,,,0.01,0.25,50.0
Gaussian_OCSVM_equiv_SVDD,cifar10,2,7,nu_0.1,0.6874078769629319,0.9439621841420766,,9000,,,0.1,0.25,50.0
Gaussian_OCSVM_equiv_SVDD,cifar10,2,8,nu_0.01,0.6870055694869699,0.944650751646386,,9000,,,0.01,0.25,50.0
Gaussian_OCSVM_equiv_SVDD,cifar10,2,8,nu_0.1,0.6869449562892254,0.9445471730126984,,9000,,,0.1,0.25,50.0
Gaussian_OCSVM_equiv_SVDD,cifar10,2,9,nu_0.01,0.6730419975829494,0.9356013990605128,,9000,,,0.01,0.5,50.0
Gaussian_OCSVM_equiv_SVDD,cifar10,2,9,nu_0.1,0.6733893242979797,0.9357155934695428,,9000,,,0.1,0.5,50.0
Gaussian_OCSVM_equiv_SVDD,cifar10,2,10,nu_0.01,0.6880767613941736,0.944925172119196,,9000,,,0.01,0.25,50.0
Gaussian_OCSVM_equiv_SVDD,cifar10,2,10,nu_0.1,0.6880146668554824,0.9448361058609072,,9000,,,0.1,0.25,50.0
Gaussian_OCSVM_equiv_SVDD,cifar10,3,1,nu_0.01,0.5075926085092854,0.9031515145907704,,9000,,,0.01,0.125,55.9
Gaussian_OCSVM_equiv_SVDD,cifar10,3,1,nu_0.1,0.5075524707620733,0.9031430001291656,,9000,,,0.1,0.125,55.9
Gaussian_OCSVM_equiv_SVDD,cifar10,3,2,nu_0.01,0.5162018211502415,0.9031379933366837,,9000,,,0.01,0.25,55.9
Gaussian_OCSVM_equiv_SVDD,cifar10,3,2,nu_0.1,0.5160095311775054,0.9028306358962914,,9000,,,0.1,0.25,55.9
Gaussian_OCSVM_equiv_SVDD,cifar10,3,3,nu_0.01,0.5046447027528784,0.90235323644864,,9000,,,0.01,0.5,55.9
Gaussian_OCSVM_equiv_SVDD,cifar10,3,3,nu_0.1,0.5045503539810748,0.9023390624783526,,9000,,,0.1,0.5,55.9
Gaussian_OCSVM_equiv_SVDD,cifar10,3,4,nu_0.01,0.4990166668076612,0.9017145360795088,,9000,,,0.01,0.0625,55.9
Gaussian_OCSVM_equiv_SVDD,cifar10,3,4,nu_0.1,0.4989503762405731,0.9017067605662948,,9000,,,0.1,0.0625,55.9
Gaussian_OCSVM_equiv_SVDD,cifar10,3,5,nu_0.01,0.5158114073812466,0.9029848202026324,,9000,,,0.01,0.25,55.9
Gaussian_OCSVM_equiv_SVDD,cifar10,3,5,nu_0.1,0.5156885450766786,0.9027349745323372,,9000,,,0.1,0.25,55.9
Gaussian_OCSVM_equiv_SVDD,cifar10,3,6,nu_0.01,0.5150443707588582,0.9039963562544244,,9000,,,0.01,0.25,55.9
Gaussian_OCSVM_equiv_SVDD,cifar10,3,6,nu_0.1,0.5148730991377803,0.9037441153904014,,9000,,,0.1,0.25,55.9
Gaussian_OCSVM_equiv_SVDD,cifar10,3,7,nu_0.01,0.497183186092246,0.8998666948485878,,9000,,,0.01,0.5,55.9
Gaussian_OCSVM_equiv_SVDD,cifar10,3,7,nu_0.1,0.4968731771252829,0.8997920590404292,,9000,,,0.1,0.5,55.9
Gaussian_OCSVM_equiv_SVDD,cifar10,3,8,nu_0.01,0.5163276022111695,0.905211956092987,,9000,,,0.01,0.25,55.9
Gaussian_OCSVM_equiv_SVDD,cifar10,3,8,nu_0.1,0.5161580238019368,0.9049102223971568,,9000,,,0.1,0.25,55.9
Gaussian_OCSVM_equiv_SVDD,cifar10,3,9,nu_0.01,0.5024485886301622,0.9002148895581443,,9000,,,0.01,0.03125,55.9
Gaussian_OCSVM_equiv_SVDD,cifar10,3,9,nu_0.1,0.5023656225703648,0.9001890690758289,,9000,,,0.1,0.03125,55.9
Gaussian_OCSVM_equiv_SVDD,cifar10,3,10,nu_0.01,0.5002899835864133,0.9020315851438314,,9000,,,0.01,0.5,55.9
Gaussian_OCSVM_equiv_SVDD,cifar10,3,10,nu_0.1,0.4997477888490195,0.9018972657270976,,9000,,,0.1,0.5,55.9
Gaussian_OCSVM_equiv_SVDD,cifar10,4,1,nu_0.01,0.7720236164968355,0.9637633118660068,,9000,,,0.01,0.25,66.0
Gaussian_OCSVM_equiv_SVDD,cifar10,4,1,nu_0.1,0.7719943436225756,0.9637346652798912,,9000,,,0.1,0.25,66.0
Gaussian_OCSVM_equiv_SVDD,cifar10,4,2,nu_0.01,0.7721606729959063,0.9633700414445676,,9000,,,0.01,0.125,66.0
Gaussian_OCSVM_equiv_SVDD,cifar10,4,2,nu_0.1,0.7721808926190098,0.9633752642453924,,9000,,,0.1,0.125,66.0
Gaussian_OCSVM_equiv_SVDD,cifar10,4,3,nu_0.01,0.7716122417877775,0.9640655581180196,,9000,,,0.01,0.125,66.0
Gaussian_OCSVM_equiv_SVDD,cifar10,4,3,nu_0.1,0.7716220784438688,0.9640663167886055,,9000,,,0.1,0.125,66.0
Gaussian_OCSVM_equiv_SVDD,cifar10,4,4,nu_0.01,0.7742125256165195,0.964665188935845,,9000,,,0.01,0.125,66.0
Gaussian_OCSVM_equiv_SVDD,cifar10,4,4,nu_0.1,0.7742058688231719,0.9646625930360926,,9000,,,0.1,0.125,66.0
Gaussian_OCSVM_equiv_SVDD,cifar10,4,5,nu_0.01,0.7739027289150899,0.9636210573854194,,9000,,,0.01,0.25,66.0
Gaussian_OCSVM_equiv_SVDD,cifar10,4,5,nu_0.1,0.7739429359268667,0.9635986267523812,,9000,,,0.1,0.25,66.0
Gaussian_OCSVM_equiv_SVDD,cifar10,4,6,nu_0.01,0.7734547159746755,0.96364289862244,,9000,,,0.01,0.25,66.0
Gaussian_OCSVM_equiv_SVDD,cifar10,4,6,nu_0.1,0.7734869617685124,0.9636204562164008,,9000,,,0.1,0.25,66.0
Gaussian_OCSVM_equiv_SVDD,cifar10,4,7,nu_0.01,0.7781675892944029,0.9656156674926752,,9000,,,0.01,0.125,66.0
Gaussian_OCSVM_equiv_SVDD,cifar10,4,7,nu_0.1,0.7781860070295272,0.9656189069148552,,9000,,,0.1,0.125,66.0
Gaussian_OCSVM_equiv_SVDD,cifar10,4,8,nu_0.01,0.775166599703515,0.9647974196864574,,9000,,,0.01,0.125,66.0
Gaussian_OCSVM_equiv_SVDD,cifar10,4,8,nu_0.1,0.77517532800399,0.9648000318500451,,9000,,,0.1,0.125,66.0
Gaussian_OCSVM_equiv_SVDD,cifar10,4,9,nu_0.01,0.7735721357193954,0.9635703643176892,,9000,,,0.01,0.125,66.0
Gaussian_OCSVM_equiv_SVDD,cifar10,4,9,nu_0.1,0.7735895735776124,0.9635743425574496,,9000,,,0.1,0.125,66.0
Gaussian_OCSVM_equiv_SVDD,cifar10,4,10,nu_0.01,0.7727023487485756,0.9646079486916262,,9000,,,0.01,0.125,66.0
Gaussian_OCSVM_equiv_SVDD,cifar10,4,10,nu_0.1,0.7727259042525908,0.9646124074389196,,9000,,,0.1,0.125,66.0
Gaussian_OCSVM_equiv_SVDD,cifar10,5,1,nu_0.01,0.4964207509938591,0.9070338392683656,,9000,,,0.01,0.0009765625,62.4
Gaussian_OCSVM_equiv_SVDD,cifar10,5,1,nu_0.1,0.498019617393153,0.9081248233827438,,9000,,,0.1,0.0009765625,62.4
Gaussian_OCSVM_equiv_SVDD,cifar10,5,2,nu_0.01,0.4867051907029359,0.8961646461401409,,9000,,,0.01,0.5,62.4
Gaussian_OCSVM_equiv_SVDD,cifar10,5,2,nu_0.1,0.4868718329658292,0.8962108249291245,,9000,,,0.1,0.5,62.4
Gaussian_OCSVM_equiv_SVDD,cifar10,5,3,nu_0.01,0.4884749719447485,0.8994073454397502,,9000,,,0.01,0.25,62.4
Gaussian_OCSVM_equiv_SVDD,cifar10,5,3,nu_0.1,0.4882661854556034,0.8991975004168667,,9000,,,0.1,0.25,62.4
Gaussian_OCSVM_equiv_SVDD,cifar10,5,4,nu_0.01,0.4892594719581886,0.9027006424695396,,9000,,,0.01,0.03125,62.4
Gaussian_OCSVM_equiv_SVDD,cifar10,5,4,nu_0.1,0.4891942908566585,0.9026857900346656,,9000,,,0.1,0.03125,62.4
Gaussian_OCSVM_equiv_SVDD,cifar10,5,5,nu_0.01,0.4990146565424687,0.904733054198726,,9000,,,0.01,0.0009765625,62.4
Gaussian_OCSVM_equiv_SVDD,cifar10,5,5,nu_0.1,0.5010410356022222,0.9062725827606644,,9000,,,0.1,0.0009765625,62.4
Gaussian_OCSVM_equiv_SVDD,cifar10,5,6,nu_0.01,0.4937898153573052,0.9019964669485544,,9000,,,0.01,0.03125,62.4
Gaussian_OCSVM_equiv_SVDD,cifar10,5,6,nu_0.1,0.4970038738675714,0.9057893153273484,,9000,,,0.1,0.0009765625,62.4
Gaussian_OCSVM_equiv_SVDD,cifar10,5,7,nu_0.01,0.4976694692778434,0.904903803890298,,9000,,,0.01,0.015625,62.4
Gaussian_OCSVM_equiv_SVDD,cifar10,5,7,nu_0.1,0.4969344092222822,0.9054045712910384,,9000,,,0.1,0.0078125,62.4
Gaussian_OCSVM_equiv_SVDD,cifar10,5,8,nu_0.01,0.4899638398980313,0.9030977005963764,,9000,,,0.01,0.015625,62.4
Gaussian_OCSVM_equiv_SVDD,cifar10,5,8,nu_0.1,0.4893754416104407,0.9036049070107331,,9000,,,0.1,0.0078125,62.4
Gaussian_OCSVM_equiv_SVDD,cifar10,5,9,nu_0.01,0.4908321141591185,0.89745257436412,,9000,,,0.01,0.5,62.4
Gaussian_OCSVM_equiv_SVDD,cifar10,5,9,nu_0.1,0.490753575680509,0.8974287339037217,,9000,,,0.1,0.5,62.4
Gaussian_OCSVM_equiv_SVDD,cifar10,5,10,nu_0.01,0.4923212541452112,0.9002908409097572,,9000,,,0.01,0.25,62.4
Gaussian_OCSVM_equiv_SVDD,cifar10,5,10,nu_0.1,0.4921305103153594,0.9000880122359769,,9000,,,0.1,0.25,62.4
Gaussian_OCSVM_equiv_SVDD,cifar10,6,1,nu_0.01,0.7417354648414787,0.9613405569124948,,9000,,,0.01,0.015625,74.7
Gaussian_OCSVM_equiv_SVDD,cifar10,6,1,nu_0.1,0.7431355801890598,0.9615712295633192,,9000,,,0.1,0.015625,74.7
Gaussian_OCSVM_equiv_SVDD,cifar10,6,2,nu_0.01,0.7504447977827351,0.9620812307847172,,9000,,,0.01,0.03125,74.7
Gaussian_OCSVM_equiv_SVDD,cifar10,6,2,nu_0.1,0.7504753307706431,0.962087741783816,,9000,,,0.1,0.03125,74.7
Gaussian_OCSVM_equiv_SVDD,cifar10,6,3,nu_0.01,0.7539952063619613,0.9628436659107436,,9000,,,0.01,0.125,74.7
Gaussian_OCSVM_equiv_SVDD,cifar10,6,3,nu_0.1,0.754020144363319,0.96284502066888,,9000,,,0.1,0.125,74.7
Gaussian_OCSVM_equiv_SVDD,cifar10,6,4,nu_0.01,0.7493951679169187,0.9614756427680168,,9000,,,0.01,0.125,74.7
Gaussian_OCSVM_equiv_SVDD,cifar10,6,4,nu_0.1,0.7493403880549945,0.9614577714535452,,9000,,,0.1,0.125,74.7
Gaussian_OCSVM_equiv_SVDD,cifar10,6,5,nu_0.01,0.7517659843246988,0.961068543261272,,9000,,,0.01,0.0625,74.7
Gaussian_OCSVM_equiv_SVDD,cifar10,6,5,nu_0.1,0.7517115146905011,0.9610499472742388,,9000,,,0.1,0.0625,74.7
Gaussian_OCSVM_equiv_SVDD,cifar10,6,6,nu_0.01,0.7507902952184407,0.960812818481616,,9000,,,0.01,0.125,74.7
Gaussian_OCSVM_equiv_SVDD,cifar10,6,6,nu_0.1,0.7508362044842422,0.9608203458217536,,9000,,,0.1,0.125,74.7
Gaussian_OCSVM_equiv_SVDD,cifar10,6,7,nu_0.01,0.7490693545930808,0.9610990524119156,,9000,,,0.01,0.0625,74.7
Gaussian_OCSVM_equiv_SVDD,cifar10,6,7,nu_0.1,0.7490130018214316,0.9610863249746158,,9000,,,0.1,0.0625,74.7
Gaussian_OCSVM_equiv_SVDD,cifar10,6,8,nu_0.01,0.753634298064534,0.9619373697821302,,9000,,,0.01,0.125,74.7
Gaussian_OCSVM_equiv_SVDD,cifar10,6,8,nu_0.1,0.753677662478006,0.9619469982890696,,9000,,,0.1,0.125,74.7
Gaussian_OCSVM_equiv_SVDD,cifar10,6,9,nu_0.01,0.7502534960521643,0.9607232800859486,,9000,,,0.01,0.25,74.7
Gaussian_OCSVM_equiv_SVDD,cifar10,6,9,nu_0.1,0.7502008418943453,0.9606902372239656,,9000,,,0.1,0.25,74.7
Gaussian_OCSVM_equiv_SVDD,cifar10,6,10,nu_0.01,0.7507242272122103,0.9617534363494826,,9000,,,0.01,0.25,74.7
Gaussian_OCSVM_equiv_SVDD,cifar10,6,10,nu_0.1,0.7507734986362896,0.9617322156773402,,9000,,,0.1,0.25,74.7
Gaussian_OCSVM_equiv_SVDD,cifar10,7,1,nu_0.01,0.5209467138188313,0.9120251919216484,,9000,,,0.01,0.125,62.6
Gaussian_OCSVM_equiv_SVDD,cifar10,7,1,nu_0.1,0.5209136347788874,0.911998878913161,,9000,,,0.1,0.125,62.6
Gaussian_OCSVM_equiv_SVDD,cifar10,7,2,nu_0.01,0.5250154055886767,0.9112543986643128,,9000,,,0.01,0.0625,62.6
Gaussian_OCSVM_equiv_SVDD,cifar10,7,2,nu_0.1,0.5250339967857585,0.9112450743538496,,9000,,,0.1,0.0625,62.6
Gaussian_OCSVM_equiv_SVDD,cifar10,7,3,nu_0.01,0.5265493426065753,0.9122381416291322,,9000,,,0.01,0.25,62.6
Gaussian_OCSVM_equiv_SVDD,cifar10,7,3,nu_0.1,0.5237062026351155,0.9128037000953292,,9000,,,0.1,0.125,62.6
Gaussian_OCSVM_equiv_SVDD,cifar10,7,4,nu_0.01,0.5286266383512566,0.9134130792522474,,9000,,,0.01,0.25,62.6
Gaussian_OCSVM_equiv_SVDD,cifar10,7,4,nu_0.1,0.5286703928991985,0.913554754863036,,9000,,,0.1,0.25,62.6
Gaussian_OCSVM_equiv_SVDD,cifar10,7,5,nu_0.01,0.4997948899061384,0.8990760672578311,,9000,,,0.01,0.5,62.6
Gaussian_OCSVM_equiv_SVDD,cifar10,7,5,nu_0.1,0.533263967182385,0.9128042932948964,,9000,,,0.1,0.25,62.6
Gaussian_OCSVM_equiv_SVDD,cifar10,7,6,nu_0.01,0.5305873216097101,0.9120625997313156,,9000,,,0.01,0.25,62.6
Gaussian_OCSVM_equiv_SVDD,cifar10,7,6,nu_0.1,0.5304673563258596,0.9119810343063218,,9000,,,0.1,0.25,62.6
Gaussian_OCSVM_equiv_SVDD,cifar10,7,7,nu_0.01,0.4981171301979934,0.9051779714606568,,9000,,,0.01,0.0009765625,62.6
Gaussian_OCSVM_equiv_SVDD,cifar10,7,7,nu_0.1,0.5040407686188183,0.9074746244301186,,9000,,,0.1,0.0009765625,62.6
Gaussian_OCSVM_equiv_SVDD,cifar10,7,8,nu_0.01,0.5276067831363693,0.9134792750184946,,9000,,,0.01,0.125,62.6
Gaussian_OCSVM_equiv_SVDD,cifar10,7,8,nu_0.1,0.5275519195333822,0.913437286277958,,9000,,,0.1,0.125,62.6
Gaussian_OCSVM_equiv_SVDD,cifar10,7,9,nu_0.01,0.4957972718198353,0.9034119004042817,,9000,,,0.01,0.0009765625,62.6
Gaussian_OCSVM_equiv_SVDD,cifar10,7,9,nu_0.1,0.5022306154024514,0.9057931244472398,,9000,,,0.1,0.0009765625,62.6
Gaussian_OCSVM_equiv_SVDD,cifar10,7,10,nu_0.01,0.5276147863892117,0.9137013857176236,,9000,,,0.01,0.25,62.6
Gaussian_OCSVM_equiv_SVDD,cifar10,7,10,nu_0.1,0.5276655910117771,0.9138238243409276,,9000,,,0.1,0.25,62.6
Gaussian_OCSVM_equiv_SVDD,cifar10,8,1,nu_0.01,0.6977515526041855,0.9479190581328492,,9000,,,0.01,0.0625,74.9
Gaussian_OCSVM_equiv_SVDD,cifar10,8,1,nu_0.1,0.6976924532315661,0.94791576692781,,9000,,,0.1,0.0625,74.9
Gaussian_OCSVM_equiv_SVDD,cifar10,8,2,nu_0.01,0.7003800610632618,0.946993557943593,,9000,,,0.01,0.0625,74.9
Gaussian_OCSVM_equiv_SVDD,cifar10,8,2,nu_0.1,0.7002938901862771,0.9469866149561436,,9000,,,0.1,0.0625,74.9
Gaussian_OCSVM_equiv_SVDD,cifar10,8,3,nu_0.01,0.6868551794843375,0.94632431401269,,9000,,,0.01,0.125,74.9
Gaussian_OCSVM_equiv_SVDD,cifar10,8,3,nu_0.1,0.6869115670762964,0.9463179603162593,,9000,,,0.1,0.125,74.9
Gaussian_OCSVM_equiv_SVDD,cifar10,8,4,nu_0.01,0.6947635583278635,0.9479158276745084,,9000,,,0.01,0.0625,74.9
Gaussian_OCSVM_equiv_SVDD,cifar10,8,4,nu_0.1,0.6946802097278217,0.9479119880986272,,9000,,,0.1,0.0625,74.9
Gaussian_OCSVM_equiv_SVDD,cifar10,8,5,nu_0.01,0.6955357991822763,0.946659673948064,,9000,,,0.01,0.0625,74.9
Gaussian_OCSVM_equiv_SVDD,cifar10,8,5,nu_0.1,0.6955003463779731,0.946657966163001,,9000,,,0.1,0.0625,74.9
Gaussian_OCSVM_equiv_SVDD,cifar10,8,6,nu_0.01,0.695568690099339,0.9470259362450136,,9000,,,0.01,0.0625,74.9
Gaussian_OCSVM_equiv_SVDD,cifar10,8,6,nu_0.1,0.6954968202368044,0.9470226112009594,,9000,,,0.1,0.0625,74.9
Gaussian_OCSVM_equiv_SVDD,cifar10,8,7,nu_0.01,0.69570795299794,0.9471015378852452,,9000,,,0.01,0.0625,74.9
Gaussian_OCSVM_equiv_SVDD,cifar10,8,7,nu_0.1,0.6956410169008834,0.94709686292,,9000,,,0.1,0.0625,74.9
Gaussian_OCSVM_equiv_SVDD,cifar10,8,8,nu_0.01,0.690528962717688,0.946430227499521,,9000,,,0.01,0.0625,74.9
Gaussian_OCSVM_equiv_SVDD,cifar10,8,8,nu_0.1,0.690495157871403,0.9464232199098472,,9000,,,0.1,0.0625,74.9
Gaussian_OCSVM_equiv_SVDD,cifar10,8,9,nu_0.01,0.694230289532476,0.9462069961862272,,9000,,,0.01,0.0625,74.9
Gaussian_OCSVM_equiv_SVDD,cifar10,8,9,nu_0.1,0.6941738889598058,0.9461997741974396,,9000,,,0.1,0.0625,74.9
Gaussian_OCSVM_equiv_SVDD,cifar10,8,10,nu_0.01,0.6977354937122138,0.9481781564962062,,9000,,,0.01,0.0625,74.9
Gaussian_OCSVM_equiv_SVDD,cifar10,8,10,nu_0.1,0.6976508890321114,0.948170747196212,,9000,,,0.1,0.0625,74.9
Gaussian_OCSVM_equiv_SVDD,cifar10,9,1,nu_0.01,0.4684913148143304,0.8947480842949622,,9000,,,0.01,0.5,75.9
Gaussian_OCSVM_equiv_SVDD,cifar10,9,1,nu_0.1,0.4872438779209034,0.912405339600938,,9000,,,0.1,0.0009765625,75.9
Gaussian_OCSVM_equiv_SVDD,cifar10,9,2,nu_0.01,0.4633788021542447,0.8997270530879125,,9000,,,0.01,0.0625,75.9
Gaussian_OCSVM_equiv_SVDD,cifar10,9,2,nu_0.1,0.4632672549717543,0.8997169527429907,,9000,,,0.1,0.0625,75.9
Gaussian_OCSVM_equiv_SVDD,cifar10,9,3,nu_0.01,0.4633133598415051,0.8938696893778939,,9000,,,0.01,0.5,75.9
Gaussian_OCSVM_equiv_SVDD,cifar10,9,3,nu_0.1,0.4634259964809709,0.8938867995684702,,9000,,,0.1,0.5,75.9
Gaussian_OCSVM_equiv_SVDD,cifar10,9,4,nu_0.01,0.4596644781996258,0.900500304404243,,9000,,,0.01,0.0625,75.9
Gaussian_OCSVM_equiv_SVDD,cifar10,9,4,nu_0.1,0.4595775238365208,0.9004826974196009,,9000,,,0.1,0.0625,75.9
Gaussian_OCSVM_equiv_SVDD,cifar10,9,5,nu_0.01,0.4649110963202434,0.8918392625706314,,9000,,,0.01,0.5,75.9
Gaussian_OCSVM_equiv_SVDD,cifar10,9,5,nu_0.1,0.4822404542305654,0.9100392525881746,,9000,,,0.1,0.0009765625,75.9
Gaussian_OCSVM_equiv_SVDD,cifar10,9,6,nu_0.01,0.4629100954475497,0.8921496323137461,,9000,,,0.01,0.5,75.9
Gaussian_OCSVM_equiv_SVDD,cifar10,9,6,nu_0.1,0.4624044103501346,0.8920380136417083,,9000,,,0.1,0.5,75.9
Gaussian_OCSVM_equiv_SVDD,cifar10,9,7,nu_0.01,0.4664024775427333,0.9013218854882872,,9000,,,0.01,0.0625,75.9
Gaussian_OCSVM_equiv_SVDD,cifar10,9,7,nu_0.1,0.4662742406257852,0.9012969189081677,,9000,,,0.1,0.0625,75.9
Gaussian_OCSVM_equiv_SVDD,cifar10,9,8,nu_0.01,0.4680196456032918,0.906301442294424,,9000,,,0.01,0.03125,75.9
Gaussian_OCSVM_equiv_SVDD,cifar10,9,8,nu_0.1,0.4809127308496931,0.911891915047484,,9000,,,0.1,0.0009765625,75.9
Gaussian_OCSVM_equiv_SVDD,cifar10,9,9,nu_0.01,0.4635796026647771,0.8919241761004421,,9000,,,0.01,0.5,75.9
Gaussian_OCSVM_equiv_SVDD,cifar10,9,9,nu_0.1,0.4636489453978427,0.8919330049789663,,9000,,,0.1,0.5,75.9
Gaussian_OCSVM_equiv_SVDD,cifar10,9,10,nu_0.01,0.4634764244250227,0.9047939099622296,,9000,,,0.01,0.03125,75.9
Gaussian_OCSVM_equiv_SVDD,cifar10,9,10,nu_0.1,0.4782066985720625,0.91199762255488,,9000,,,0.1,0.0009765625,75.9
