category,method,auroc_mean,auroc_sd,ap_mean
bottle,PatchScore_same_centers,1.0,0.0,0.9999999999999997
bottle,PatchScore_byte_budget,1.0,0.0,0.9999999999999997
bottle,RBF_SVDD,0.7703703703703705,0.02749668815043839,0.9298003431291026
bottle,DeepSVDD_head,0.9783068783068782,0.007708360997001757,0.9933932307507796
bottle,DROCC_head,0.5825396825396826,0.1429629237993359,0.8090623654319727
bottle,Bubble_A,0.5433862433862434,0.051448735350779956,0.8145896975521157
bottle,Bubble_B,0.5481481481481482,0.040672828713390924,0.8176210310671772
bottle,Bubble_A+D,0.4666666666666666,0.04215324357107775,0.7504205273965462
bottle,Bubble_B+D,0.46798941798941796,0.04098138917654382,0.7514389529639732
cable,PatchScore_same_centers,0.9720139930034982,0.010595225664346298,0.9838618685964763
cable,PatchScore_byte_budget,0.9988755622188904,0.0005622188905547165,0.9993345181073128
cable,RBF_SVDD,0.7817966016991504,0.010248114760183917,0.872367725379119
cable,DeepSVDD_head,0.7008995502248876,0.004818200949093923,0.8191310105632565
cable,DROCC_head,0.4714205397301349,0.021713468090043268,0.605414021220236
cable,Bubble_A,0.8671289355322339,0.009102237214828213,0.9228187095523688
cable,Bubble_B,0.8813718140929536,0.012862954434705686,0.9315640415803165
cable,Bubble_A+D,0.7421914042978511,0.03347830479070169,0.8443333524368811
cable,Bubble_B+D,0.7436281859070464,0.031439605660435944,0.8407378846565207
capsule,PatchScore_same_centers,0.927536231884058,0.010404148469346808,0.9828139302860421
capsule,PatchScore_byte_budget,0.970748570668794,0.01128446876357866,0.9928753152016344
capsule,RBF_SVDD,0.6044408988166468,0.002993838651561686,0.8901422109486007
capsule,DeepSVDD_head,0.7411248504188274,0.040346392429341356,0.9392056893911028
capsule,DROCC_head,0.5128972211142135,0.024263386635383216,0.850985191777025
capsule,Bubble_A,0.7743651110224704,0.016041516959825267,0.9470245424040539
capsule,Bubble_B,0.7767584097859327,0.01438930914343151,0.9474507303230707
capsule,Bubble_A+D,0.6739795239994683,0.031360772211792204,0.918554785507474
capsule,Bubble_B+D,0.6714532641935914,0.033549683362966,0.9172930801051006
carpet,PatchScore_same_centers,0.9886302835741038,0.0010098761951940595,0.9966271159086982
carpet,PatchScore_byte_budget,0.9866238630283574,0.0019794875049424835,0.9960555125142404
carpet,RBF_SVDD,0.9862225789192083,0.001009876195194043,0.9959306306637362
carpet,DeepSVDD_head,0.9067683253076511,0.036102934594932246,0.9730849566882313
carpet,DROCC_head,0.7748796147672552,0.21235324154179852,0.9170914158478586
carpet,Bubble_A,0.8738630283574104,0.025959959886491534,0.927366846231986
carpet,Bubble_B,0.8852327447833065,0.034651876145815094,0.9339089538926083
carpet,Bubble_A+D,0.8539325842696629,0.07101821817298502,0.9269441955859926
carpet,Bubble_B+D,0.8543338683788123,0.08106236982587883,0.9261397859077825
grid,PatchScore_same_centers,0.93734335839599,0.015651624056136338,0.978687595872442
grid,PatchScore_byte_budget,0.960735171261487,0.005478227672766804,0.9870232969320334
grid,RBF_SVDD,0.606516290726817,0.007518796992481189,0.8186526240464523
grid,DeepSVDD_head,0.6828181565023671,0.013887449334215207,0.8646755330960403
grid,DROCC_head,0.3939014202172097,0.12761120613761168,0.6795602249940164
grid,Bubble_A,0.8783068783068783,0.006752634727364004,0.9511402089726421
grid,Bubble_B,0.8738512949039264,0.008722060575531002,0.9490004289851471
grid,Bubble_A+D,0.7390698969646339,0.0068041168047176795,0.89022781937975
grid,Bubble_B+D,0.7321080478975216,0.009202289970402868,0.886987233746523
hazelnut,PatchScore_same_centers,1.0,0.0,0.9999999999999997
hazelnut,PatchScore_byte_budget,1.0,0.0,0.9999999999999997
hazelnut,RBF_SVDD,0.8773809523809524,0.005105186105331326,0.939121946270793
hazelnut,DeepSVDD_head,0.7226190476190476,0.019591925311591072,0.8290291380739201
hazelnut,DROCC_head,0.4372619047619047,0.07469011946421183,0.6164882733960226
hazelnut,Bubble_A,0.746547619047619,0.13771844120385263,0.8673233803218512
hazelnut,Bubble_B,0.7416666666666667,0.14060743465504266,0.8655099940680747
hazelnut,Bubble_A+D,0.6494047619047619,0.1199624374317137,0.8032295685980406
hazelnut,Bubble_B+D,0.6463095238095238,0.1302907528265489,0.8038000424486955
leather,PatchScore_same_centers,1.0,0.0,1.0000000000000002
leather,PatchScore_byte_budget,1.0,0.0,1.0000000000000002
leather,RBF_SVDD,1.0,0.0,1.0000000000000002
leather,DeepSVDD_head,0.997848731884058,0.0025719693595108203,0.9993129306357172
leather,DROCC_head,0.8721693840579711,0.18261740632800194,0.9451446162711995
leather,Bubble_A,0.9479166666666666,0.05022734771350498,0.9657545484587352
leather,Bubble_B,0.9583333333333334,0.05915529526875284,0.9728467470402954
leather,Bubble_A+D,0.8965126811594203,0.03553504340953255,0.9437511217799495
leather,Bubble_B+D,0.8805480072463768,0.025793606276440055,0.9324561631131582
metal_nut,PatchScore_same_centers,0.9753991528185076,0.005664821978075488,0.9945983382707387
metal_nut,PatchScore_byte_budget,0.9982078853046593,0.0018504100181819425,0.9995904745594544
metal_nut,RBF_SVDD,0.34815900944933204,0.008328040351340587,0.7524119677489907
metal_nut,DeepSVDD_head,0.8740632127728901,0.01732394562728541,0.9702992400418949
metal_nut,DROCC_head,0.5154773541870316,0.025548253150348768,0.821144544994015
metal_nut,Bubble_A,0.6360377973281199,0.023324249160212782,0.8987441133468881
metal_nut,Bubble_B,0.6285434995112414,0.02928883336574518,0.8956194734750117
metal_nut,Bubble_A+D,0.591723688497882,0.04661776245670699,0.8737760808962213
metal_nut,Bubble_B+D,0.5808080808080808,0.04458253235280402,0.8653343472986094
pill,PatchScore_same_centers,0.8749772685942898,0.0041934361002364355,0.975671352131103
pill,PatchScore_byte_budget,0.9471722131296598,0.011781097899069294,0.9892545099266826
pill,RBF_SVDD,0.6746681214766322,0.0077601703194587635,0.9233933484778801
pill,DeepSVDD_head,0.7614111656664848,0.01717916869142229,0.9427034438401293
pill,DROCC_head,0.4837243135115476,0.06337137587483388,0.8352368762470105
pill,Bubble_A,0.6259319876341153,0.027269957079007135,0.9057403003417424
pill,Bubble_B,0.6328423349699945,0.04063551434705082,0.9087237980493726
pill,Bubble_A+D,0.6496635751954901,0.04704537768282057,0.9087906089540937
pill,Bubble_B+D,0.6472995090016367,0.04373626426400482,0.9069032477825044
screw,PatchScore_same_centers,0.7874564459930312,0.010015816128608817,0.9213191042816918
screw,PatchScore_byte_budget,0.9531324725011956,0.009303319292583535,0.9838067581061448
screw,RBF_SVDD,0.5745029719204755,0.0185904512036893,0.7514201011619493
screw,DeepSVDD_head,0.48035799685727953,0.0699158098463919,0.7635503571170542
screw,DROCC_head,0.5677734508437522,0.27814274038354786,0.7948833408651653
screw,Bubble_A,0.728086356493817,0.08930457748695655,0.8845373739098554
screw,Bubble_B,0.7225524356083897,0.08877924517827127,0.8821544214508447
screw,Bubble_A+D,0.688050830088133,0.0940933986629829,0.8693664872879138
screw,Bubble_B+D,0.6816287490605998,0.09577498185407109,0.8654729141505935
tile,PatchScore_same_centers,0.9886964886964887,0.0024555769428405436,0.9961674166432206
tile,PatchScore_byte_budget,0.9867724867724869,0.0015019235205382638,0.9958654309839695
tile,RBF_SVDD,0.9900192400192402,0.0010413965894474993,0.9968568344410397
tile,DeepSVDD_head,0.8761423761423762,0.03304428669847763,0.9566290120098765
tile,DROCC_head,0.7663540163540162,0.22239735529380808,0.8850256503573547
tile,Bubble_A,0.9895382395382395,0.0006248379536685252,0.9965013514725962
tile,Bubble_B,0.9881553631553631,0.0004539342493550177,0.9960816519091278
tile,Bubble_A+D,0.9942279942279942,0.0026014078466551757,0.9981097396430371
tile,Bubble_B+D,0.9944684944684945,0.003613511111427793,0.9981959821128
toothbrush,PatchScore_same_centers,0.9592592592592593,0.02782403555799405,0.9860071384842465
toothbrush,PatchScore_byte_budget,0.9972222222222222,0.0027777777777778095,0.9989471326164875
toothbrush,RBF_SVDD,0.8648148148148148,0.008018753738744853,0.9486269134263668
toothbrush,DeepSVDD_head,0.7925925925925927,0.015298807075794688,0.9177536055794858
toothbrush,DROCC_head,0.524074074074074,0.049091541265968736,0.7365767303254405
toothbrush,Bubble_A,0.8500000000000001,0.007349309197401641,0.9380296999174024
toothbrush,Bubble_B,0.8453703703703703,0.0016037507477489469,0.9365563112793719
toothbrush,Bubble_A+D,0.8111111111111112,0.012108052620946295,0.9218715707802575
toothbrush,Bubble_B+D,0.8027777777777777,0.02545875386086577,0.9186647290935749
transistor,PatchScore_same_centers,0.9929166666666666,0.005120085719768576,0.9925826655613892
transistor,PatchScore_byte_budget,0.9995833333333333,0.0004166666666666763,0.9993999225706545
transistor,RBF_SVDD,0.7755555555555556,0.006364688465216483,0.7857040085493243
transistor,DeepSVDD_head,0.7904166666666667,0.01323531681189051,0.7612699709189134
transistor,DROCC_head,0.512638888888889,0.02189119770677335,0.40622405730901673
transistor,Bubble_A,0.970138888888889,0.0040895644067598,0.9646504688919982
transistor,Bubble_B,0.9691666666666667,0.004103690750748482,0.9635878844375455
transistor,Bubble_A+D,0.928888888888889,0.011534469276108066,0.9288289402122437
transistor,Bubble_B+D,0.9115277777777777,0.012536982329329713,0.9144514941654386
wood,PatchScore_same_centers,0.9900584795321636,0.0013399344137298031,0.9970399301067511
wood,PatchScore_byte_budget,0.991812865497076,0.0020257904182091873,0.9975221662513087
wood,RBF_SVDD,0.9824561403508772,0.0008771929824560598,0.9948562514519573
wood,DeepSVDD_head,0.9616959064327487,0.012415715640679703,0.9890158928757501
wood,DROCC_head,0.5055555555555555,0.009622504486493752,0.7621659634317863
wood,Bubble_A,0.9599415204678362,0.023770688990295507,0.9792524880988266
wood,Bubble_B,0.9697368421052631,0.028897484929875664,0.9850996565212434
wood,Bubble_A+D,0.776608187134503,0.18434066692263398,0.8729085022034387
wood,Bubble_B+D,0.768421052631579,0.19362731175427408,0.8675607108351753
zipper,PatchScore_same_centers,0.9844187675070027,0.0026823447909741587,0.9955520411127573
zipper,PatchScore_byte_budget,0.9939600840336137,0.0005252100840336116,0.9983095071965181
zipper,RBF_SVDD,0.8938200280112044,0.0005466559872547375,0.9695162734028694
zipper,DeepSVDD_head,0.9054621848739496,0.029340164573848845,0.9673185208314835
zipper,DROCC_head,0.6655287114845938,0.14570683608718876,0.8782338278176566
zipper,Bubble_A,0.9788602941176471,0.014680655320575898,0.9907965294624107
zipper,Bubble_B,0.9841123949579832,0.012957769420451183,0.993868863049185
zipper,Bubble_A+D,0.9619222689075629,0.0214131829116557,0.9819277886415142
zipper,Bubble_B+D,0.9628851540616247,0.018968253824624512,0.9822482952404338
